feature_0,feature_1,feature_2,feature_3,feature_4,feature_5,feature_6,feature_7,feature_8,feature_9,feature_10,feature_11,feature_12,feature_13,feature_14
241.23566285942962,-124.60903684288185,2.3640198537199555,6695826.0,1.596,4.8025113912307e+24,28.497,102.533,1880.0,111.703,95.902,101.342,106.79,42.924,0.133
241.20719019574975,-124.63980898240041,2.2141442588821305,6695826.0,1.948,7.8518520648237e+24,29.741,123.314,1557.0,119.74,101.303,108.257,110.343,81.728,0.141
241.1102103088552,-124.74087763099703,1.8855749442526497,7673000.0,1.563,5.0242732428213e+24,40.236,115.115,-3032.0,149.566,151.045,154.655,101.012,-13.192,0.107
241.05970041895836,-124.79176114176306,1.5457843654286443,8974296.0,1.19,2.5297640460602e+25,46.078,63.022,1882.0,108.586,92.513,97.039,99.145,-1.908,0.11
241.076917354358,-124.76838522299997,1.2492674561606212,8974296.0,0.745,4.8971217922698e+25,46.657,73.62,1738.0,113.091,95.72,102.484,98.471,-1.425,0.0854
241.1617411381663,-124.6707814901654,1.0050527777465639,8974296.0,1.204,2.4027300542222e+25,47.236,85.425,-136.03,113.945,99.495,106.938,96.892,12.783,0.112
241.3085511633967,-124.5070791716785,0.793009310683395,8974296.0,1.441,3.3278830331149e+24,47.712,72.2,168.449,117.284,106.029,112.259,103.757,9.431,0.12
241.40286231630463,-124.39833550441432,0.45380017148937235,8974296.0,0.739,1.1797304716947e+25,51.17,72.582,-766.04,126.285,127.451,128.907,106.332,-28.096,0.0975
241.36624191984416,-124.42743264903781,-0.11433250973676061,10076293.0,1.074,3.8041679337411e+24,53.126,88.1,-1433.0,128.912,130.39,129.035,104.944,-5.296,0.0924
241.20640437584157,-124.58443926113785,-0.8672432015353072,10076293.0,1.548,1.2629841404622e+25,53.737,71.153,-1911.0,119.489,126.292,124.2,90.831,-8.768,0.106
241.10460394083356,-124.6790996565581,-1.5304807242255412,10076293.0,0.882,4.3881544738602e+24,55.081,59.378,909.863,108.861,117.419,112.701,93.348,-21.644,0.0827
241.04210418509365,-124.7265379034293,-2.0692290141014182,10076293.0,1.264,3.2144845420687e+25,55.453,64.307,411.17,111.83,114.911,111.597,92.891,23.585,0.113
241.00261501530582,-124.7413301324128,-2.4667177077685083,10076293.0,1.341,4.064479744921e+24,57.664,46.253,570.742,111.168,111.128,110.78,89.241,-16.376,0.0948
240.99102596787023,-124.71674558388494,-2.6923526131650757,10301131.0,1.332,1.0321116683956e+25,58.016,52.908,-242.9,111.793,110.882,110.932,88.032,-9.679,0.0969
241.0138480933128,-124.64482452287457,-2.7263231806897252,11187257.0,1.331,1.0656594449415e+25,58.5,66.581,-590.826,112.117,110.773,111.272,88.134,2.892,0.108
241.06530199661196,-124.53067592777897,-2.5770201896738554,11187257.0,1.054,5.2185579140966e+24,61.101,80.035,618.283,111.071,109.642,109.574,86.27,-13.216,0.0857
241.14098240461468,-124.37839830139653,-2.264121924954051,11187257.0,1.198,1.2718250227018e+25,61.499,57.043,-47.709,112.473,109.809,110.39,86.38,-17.701,0.112
241.24859688882347,-124.1799672673941,-1.8042252122937692,11187257.0,1.333,2.3961984909315e+25,62.131,75.782,-537.875,113.037,109.946,111.238,85.506,-3.342,0.101
241.39444574564118,-123.92944429366703,-1.2281253870358215,11187257.0,1.22,3.0902672934757e+25,62.912,88.835,425.314,114.191,110.895,112.571,86.339,16.267,0.0997
241.56086144035814,-123.64626540036032,-0.6064104394643491,11187257.0,1.267,2.1883790033983e+25,63.727,92.055,276.732,115.636,112.625,114.019,87.406,0.568,0.112
241.73997432185763,-123.34064692579277,-0.006190313972208809,11187257.0,1.285,2.8547688001112e+25,64.525,90.044,1090.0,117.456,114.296,115.536,89.441,11.276,0.112
241.9043839865074,-123.04358028435537,0.4794862904615756,11187257.0,1.134,8.2532422811299e+24,65.427,99.751,-42.701,121.315,116.312,118.114,95.595,9.393,0.109
241.97472410969263,-122.83904165271063,0.7071631390281247,12153412.0,1.372,1.2085282285414e+25,68.289,90.398,-381.564,127.106,124.363,126.169,95.876,2.458,0.121
241.9313798094565,-122.74782113413734,0.6332207836307451,12153412.0,0.976,4.9912339959405e+25,72.267,78.22,-665.975,125.441,126.46,126.092,90.782,15.445,0.122
241.80765583271824,-122.73367497796264,0.3146952249996062,12153412.0,1.098,2.221466636496e+25,72.919,87.362,137.885,122.696,125.314,124.561,83.706,21.051,0.127
241.65841034923017,-122.73679098704531,-0.13994240114841447,12153412.0,1.012,1.4274997148033e+24,73.703,97.318,-725.826,120.643,124.451,123.153,80.695,16.794,0.113
241.4905502651027,-122.74645313820655,-0.6681805255512825,13466757.0,1.294,4.4957819507422e+25,74.33,82.056,-875.812,119.998,123.546,122.064,80.106,5.13,0.128
241.28407534572105,-122.77969626516844,-1.234526161093081,15605633.0,0.907,5.4767887620461e+25,74.898,78.772,-1380.0,119.673,122.424,121.025,78.098,-28.94,0.0905
241.0432094872018,-122.82802870612429,-1.7672474603873956,15605633.0,0.967,5.5338687084932e+25,75.711,98.733,-1405.0,117.319,120.794,119.172,71.853,-23.401,0.0866
240.829505235976,-122.82369240736857,-2.125732023131959,65750060.0,0.937,1.6145105247935e+26,73.354,73.413,-48.146,110.112,107.506,108.387,-14.555,26.504,0.0719
240.68303186293852,-122.72217737811148,-2.212778787639577,65750060.0,5.551,1.4858421033291e+26,72.875,48.418,183.466,113.047,108.959,110.33,-11.964,532.978,0.466
240.55361608015767,-122.57352483072549,-2.0661078353474536,65750060.0,0.571,1.1297187225443e+27,72.15,39.733,19.57,114.965,110.173,112.037,-10.638,-32.867,0.0532
240.42293803447757,-122.3967562168451,-1.7113214128655598,65750060.0,0.852,1.4476852893788e+27,72.027,61.477,75.324,116.982,111.92,114.08,-8.562,15.868,0.0833
240.25058545977336,-122.23414612744664,-1.215434401898267,65750060.0,0.56,5.2790358134411e+26,71.949,71.212,32.122,119.779,114.244,116.617,-2.069,-82.689,0.0806
239.9764976989145,-122.1479663224441,-0.6743630471675075,65750060.0,0.452,1.965681468702e+27,71.447,42.218,36.404,122.739,116.671,119.218,4.318,25.96,0.0671
239.55676243588908,-122.18234041736238,-0.15508551824509853,65750060.0,0.878,9.1725242474606e+26,70.943,51.916,-7.455,124.689,119.085,121.448,5.903,40.023,0.117
238.97403282094373,-122.35136339819523,0.3289343837802767,65750060.0,0.642,2.585365700252e+27,70.749,64.635,-45.823,125.069,120.94,122.892,4.767,-6.916,0.075
238.24112753283103,-122.6348153891399,0.8264825719607634,81734746.0,0.662,2.566502174444e+27,70.651,69.958,-260.522,122.925,121.721,122.844,1.358,-7.748,0.0619
237.42175802486855,-122.95752318981745,1.4644247389727438,86933018.0,0.726,2.6523959018701e+27,69.894,30.521,-214.967,119.731,121.944,121.75,2.33,-45.789,0.0632
236.57325213177307,-123.24952827320408,2.361878760810084,86933018.0,0.721,6.1874697990641e+26,69.464,39.359,-284.003,116.764,121.473,120.026,4.465,-15.358,0.0635
235.73472894927764,-123.45992953391476,3.5954857242198814,86933018.0,0.673,1.2414039923384e+27,68.975,27.609,-65.156,115.419,120.466,118.414,9.088,-12.106,0.0544
234.9106590020707,-123.57452310261161,5.168449261728217,86933018.0,0.664,2.6854912449493e+27,68.337,22.763,-32.341,115.822,119.318,117.45,12.553,4.159,0.0658
234.0869848810532,-123.59917702171929,7.028140822220141,86933018.0,0.6,2.7727381479195e+27,67.688,23.557,81.24,116.963,118.212,117.082,11.288,-1.438,0.0626
233.2551669492926,-123.53462830339353,9.099548865041205,86933018.0,0.534,5.3461308162435e+27,67.112,36.006,92.389,118.697,117.512,117.519,11.91,6.055,0.0577
232.40297979290787,-123.38538582716302,11.28133206203418,86933018.0,0.451,4.0599912931936e+26,66.694,69.232,45.388,120.494,117.652,118.574,14.787,-14.924,0.056
231.52162905196678,-123.15204631646189,13.461351030051421,86933018.0,0.569,1.3919020485577e+27,66.354,66.101,-33.788,122.406,118.556,120.078,20.814,15.089,0.072
230.60780295970403,-122.82871653176977,15.527521607560983,86933018.0,0.411,1.2618778121457e+27,66.386,94.047,25.701,123.547,119.845,121.457,23.82,1.052,0.0583
229.67920847884682,-122.38690395175755,17.39220009592795,87168757.0,0.372,1.4612278314651e+26,66.24,43.611,-0.939,123.942,121.119,122.482,23.592,3.305,0.0579
228.76634135039106,-121.78421180384163,18.98439263978496,112628549.0,0.609,1.0446806742849e+28,65.717,18.542,-223.326,123.84,122.131,123.126,22.847,-11.267,0.0639
227.8972936237656,-120.98053989168304,20.230382787072287,112628549.0,1.062,7.3011690798759e+27,65.363,50.708,-215.748,123.789,122.982,123.543,20.137,69.189,0.0986
227.09487268985214,-119.94160321264151,21.049532147445646,112628549.0,6.352,6.3630747551035e+27,64.843,28.502,-103.953,124.007,123.595,123.86,19.147,859.365,0.555
226.36873195180456,-118.64722091584547,21.347522116428937,112628549.0,2.547,1.8902083581931e+27,64.555,38.825,108.233,124.568,124.067,124.221,19.21,248.213,0.223
225.7296247725549,-117.07645708432881,21.03990545938534,112628549.0,1.901,6.7521608109132e+27,64.02,49.324,60.477,123.65,123.903,123.836,16.454,91.213,0.189
225.2293423019278,-115.1668932004141,20.10212835079114,112628549.0,0.539,8.9691117064915e+27,63.88,60.492,-63.539,122.185,123.466,123.112,17.336,-89.988,0.0556
224.90820438012034,-112.86938161556981,18.50417056018191,112628549.0,0.565,3.2060613520495e+24,63.603,40.587,-71.901,121.311,123.06,122.522,19.429,-72.173,0.0619
224.7725232696752,-110.1720980653171,16.180853840513784,112628549.0,0.517,7.8453625490868e+26,63.076,32.574,-7.407,121.304,122.752,122.141,23.056,-66.573,0.063
224.8216507846089,-107.07289288009156,13.068869081519793,112628549.0,0.749,2.6621265911539e+27,62.795,52.037,-31.767,121.339,122.393,121.774,24.038,32.261,0.0735
225.05805958807358,-103.568776789293,9.126714676362717,112628549.0,0.577,8.2476396225949e+26,62.547,61.577,8.752,121.339,121.972,121.503,23.31,-3.746,0.0596
225.4774611142424,-99.66610742651626,4.32940178898407,125804757.0,0.602,3.3291952729797e+27,62.421,69.683,-66.237,121.721,121.559,121.545,25.54,10.788,0.0698
226.054798187375,-95.39486374281978,-1.3407382585886503,148819200.0,0.67,7.1312952261422e+27,62.211,60.267,-175.912,122.257,121.577,121.818,30.41,-20.837,0.0582
226.76596082861136,-90.78599738592486,-7.859202433672613,148819200.0,1.83,2.0573448194519e+27,62.487,100.591,-113.115,122.427,121.772,122.018,33.091,262.779,0.216
227.58770592685087,-85.87112371023774,-15.151501729461174,148819200.0,0.588,3.6197870670163e+27,62.716,84.93,-42.713,122.833,122.071,122.375,33.372,8.554,0.0758
228.47755287360116,-80.70267448894032,-23.110475117785217,148819200.0,0.607,4.9793797549885e+26,62.449,81.081,44.888,123.125,122.326,122.688,37.717,33.535,0.0777
229.3950290557928,-75.33138243218875,-31.56508014688214,148819200.0,0.63,1.3790745483183e+27,62.714,122.988,-16.759,123.167,122.579,122.869,39.846,-68.826,0.0674
230.2981101349235,-69.8088963004019,-40.27953933948854,148819200.0,0.833,4.2476537255068e+27,62.258,87.907,-15.265,123.257,122.873,123.068,41.95,11.805,0.0847
231.16354298516052,-64.16545841695326,-48.92555309048374,148819200.0,0.832,4.4125968228731e+27,62.323,90.653,6.206,118.021,121.536,120.544,34.316,-6.22,0.0729
232.10454657007875,-58.290462893599745,-56.96660144352975,148819200.0,0.549,5.0702861223195e+27,62.312,63.456,-46.127,113.48,118.752,116.665,51.031,-33.901,0.056
233.05011616802878,-52.26219936803235,-64.06286552044094,148819200.0,0.476,1.5422861379724e+27,62.21,47.235,37.399,116.75,118.196,116.805,49.56,-5.739,0.0687
233.95201319696173,-46.13529150173793,-69.84283173493036,164129164.0,0.457,1.8861533796446e+28,61.865,43.062,-40.996,118.959,117.631,117.098,45.818,-11.554,0.0592
234.82576510968852,-39.89619226304084,-73.85599375923603,189281249.0,0.831,1.2221448158818e+28,61.635,72.231,-64.879,119.877,117.253,117.791,47.911,57.754,0.0884
235.72022971012038,-33.49388426291843,-75.62909314087548,189281249.0,0.425,1.0135299466585e+28,61.069,57.924,-120.546,120.837,117.001,118.882,45.626,-32.564,0.0463
236.7136019882846,-26.844449297781825,-74.70249012981463,189281249.0,0.677,8.5191592557557e+27,60.152,64.812,2.839,122.052,118.446,120.355,41.393,24.91,0.0739
237.96492607801937,-19.779388148427675,-70.60862490738974,189281249.0,0.645,9.9389315655591e+27,59.613,52.964,33.943,122.985,120.589,121.619,38.504,-23.387,0.0677
239.6863609404591,-12.077199600596533,-62.96058782044193,189281249.0,0.492,3.8301781942738e+26,59.29,60.771,1.183,123.565,121.561,122.429,35.736,17.632,0.0545
242.25809903920072,-3.3527320230058986,-51.40052169419377,189281249.0,0.6,2.1196936161049e+27,59.083,40.459,40.056,123.935,122.252,123.076,35.992,9.596,0.081
245.85318164788805,6.54301715002364,-36.17362744238354,412308267.0,1.079,6.5071467390317e+27,64.903,231.38,33.303,220.73,205.22,210.518,134.013,76.568,0.213
249.36288895678481,16.428585138264886,-19.318413698637343,510929738.0,3.46,4.2781264763223e+28,66.901,217.307,-4.175,236.911,212.75,221.284,152.353,184.661,0.659
252.7821699911541,26.252495494051285,-1.676981171335606,510929738.0,3.454,4.5435998249002e+28,69.384,274.863,-21.673,258.341,223.935,236.602,179.846,138.504,0.583
256.31489371846266,36.18713297450799,16.185186326850268,510929738.0,1.064,7.645794284565e+28,76.4,127.081,57.167,307.293,270.358,287.903,197.903,-60.004,0.233
260.04218465802654,46.27357466680706,33.50892933993748,510929738.0,0.547,1.4004399005641e+27,79.131,168.37,12.835,349.062,316.956,329.137,272.082,-43.645,0.131
263.29284468867974,55.77859053410307,48.661568167092085,510929738.0,0.505,5.352584455375e+28,81.058,200.457,111.141,379.613,335.094,350.147,304.451,-60.752,0.134
265.89948322885033,64.49301716855179,60.757848032031006,510929738.0,0.417,7.5007983687898e+28,83.182,210.594,62.409,401.048,351.328,369.312,314.959,-10.002,0.117
268.11136375938474,72.65052685016516,69.65906197557482,510929738.0,0.294,8.4381021691069e+28,86.134,291.213,95.129,413.256,363.237,386.066,321.42,-3.341,0.127
270.09565116824075,80.40721050366695,75.32747678392879,542721010.0,0.367,1.6771080973591e+29,88.568,246.232,-11.241,434.7,386.288,408.57,355.256,13.004,0.151
271.5933202019471,87.48647943711818,77.4035707683855,5006860589.0,0.281,1.4384773036662e+30,176.057,109.988,3.191,468.199,518.436,496.053,-299.609,-3.833,0.089
272.7260367004094,94.01000476042205,76.18406769358259,5006860589.0,0.264,1.5120292294604e+31,172.721,107.848,-8.762,452.299,472.284,462.917,-358.678,-1.683,0.0875
273.9475248687623,100.44513451235132,72.52321061316381,5006860589.0,0.277,1.3547570950408e+31,171.399,112.786,-1.137,444.901,463.96,455.945,-390.295,0.048,0.0917
275.2260083147437,106.75782912207825,66.76588272108926,5560039346.0,0.261,2.5499329783914e+30,169.335,83.139,-16.077,446.529,457.173,452.908,-425.873,-2.02,0.0907
276.4356022571151,112.81102270303323,59.16129665297356,6119726089.0,0.274,1.0337989852134e+31,166.902,81.812,-3.652,454.332,455.729,453.446,-502.392,8.893,0.0953
277.45128773949415,118.46843962949384,50.00711623607911,6119726089.0,0.375,1.1864567898084e+31,165.276,95.252,-6.846,455.426,455.305,453.021,-460.779,6.985,0.0982
278.29829756082785,123.75101482330741,39.83360002325302,6119726089.0,0.44,1.2402770053847e+30,164.143,110.508,-1.759,453.603,451.749,452.048,-396.921,8.52,0.0984
278.9512863231636,128.63271779541859,29.156920898606607,6119726089.0,0.502,1.9928211460356e+30,162.87,100.42,0.046,449.697,449.005,450.888,-402.73,46.191,0.139
279.47171727224935,133.1832004542549,18.626838357243624,6119726089.0,0.371,6.2586841646456e+30,161.893,120.946,-5.255,428.123,445.112,440.563,-438.517,-11.999,0.0864
280.39336736567566,137.95693772201852,9.398656674496605,6119726089.0,0.33,2.1265009883825e+30,160.79,108.481,1.942,412.083,439.246,430.117,-496.148,-12.857,0.0858
281.7481528480399,142.98415490461295,1.8651427242301575,6119726089.0,0.226,2.3724796783044e+30,159.781,84.408,-4.18,415.048,435.46,426.633,-468.568,-41.82,0.0811
283.20552728662494,147.91135661098184,-4.214617427333455,6119726089.0,0.221,1.9743034800007e+31,158.261,69.681,2.225,416.929,429.253,421.737,-421.539,-2.73,0.084
284.7928705482336,152.74387620592697,-8.826999811490678,6119726089.0,0.318,1.1595091709214e+31,157.138,115.249,1.159,432.46,428.091,425.898,-398.431,13.863,0.0977
286.0885293226614,157.02577324364242,-12.581972833060451,6978842650.0,0.224,7.7671213093326e+30,142.732,77.477,-4.488,464.407,483.88,476.486,-404.664,-16.464,0.0802
286.8891868375943,160.5301419852406,-15.84928262014952,6978842650.0,0.266,6.9170609653815e+30,141.001,65.825,1.636,455.094,476.689,468.25,-408.118,0.573,0.101
287.3311143683797,163.39039682096916,-18.538915389137497,6978842650.0,0.336,2.1842067197785e+30,139.442,88.369,-10.262,444.338,467.677,458.049,-362.325,-1.064,0.0866
287.64990875065416,165.8482893519726,-20.42090889568429,7026656895.0,0.295,2.140610980877e+30,138.041,80.982,4.05,442.128,460.77,451.969,-382.197,7.474,0.0862
287.78753521061094,167.84541920886642,-21.63200902229481,8000872136.0,0.378,1.2549974688263e+31,136.844,96.06,-10.599,442.563,454.73,447.842,-368.386,-10.276,0.0906
287.6984085384439,169.33540477775946,-22.320845172392865,8000872136.0,0.247,1.2373012155009e+31,135.163,81.519,5.084,448.75,449.893,447.544,-371.001,-4.478,0.0827
287.2668758251006,170.2039304497745,-22.699806771243885,8000872136.0,0.295,1.4755560076309e+31,133.93,71.922,-8.265,449.511,447.578,447.215,-389.996,3.318,0.0891
286.5657011812163,170.53586994311007,-22.715716253955314,8000872136.0,0.29,1.8535980970692e+31,132.663,59.135,2.014,444.855,445.147,445.19,-396.209,-7.622,0.0837
285.75736178980185,170.51343969372653,-22.17215488731235,8000872136.0,0.262,1.9763974927733e+31,131.509,61.051,-5.708,438.523,442.805,442.537,-382.399,0.624,0.0832
284.93567984330076,170.2497558691234,-20.955275456874293,8000872136.0,0.432,7.8247506194696e+30,130.284,72.659,-1.046,433.955,442.21,439.768,-385.965,-3.016,0.0864
284.17045978788735,169.83189952992586,-19.009647959619873,8000872136.0,0.309,1.9006385167706e+31,129.02,74.424,6.24,430.002,439.923,436.05,-402.957,-0.579,0.0832
283.532523237784,169.34440569670824,-16.330011655431363,8000872136.0,0.34,5.1156080388463e+31,127.756,82.079,-3.407,431.996,438.627,434.867,-365.148,1.653,0.0846
282.9279963071785,168.69919661432218,-13.15732212988523,8000872136.0,0.325,1.0692970839215e+31,125.756,73.486,3.658,436.661,436.799,435.398,-287.152,0.791,0.0871
282.2832130738261,167.82691272589813,-9.738813840699336,8000872136.0,0.366,8.7599804430848e+30,124.768,78.103,-3.811,441.384,436.128,437.166,-252.789,25.606,0.105
281.56043678808254,166.69595394160393,-6.276127117836689,8000872136.0,0.226,3.7257377428674e+30,123.72,61.765,4.942,446.198,437.569,440.525,-226.662,-4.583,0.0807
280.7131008355844,165.26883935485276,-2.951687735433578,8000872136.0,0.255,1.0268880889289e+30,121.882,55.039,-4.324,445.106,438.713,441.769,-217.138,-5.972,0.0819
279.8669710835563,163.68786877800528,0.289203840995265,8359564502.0,0.339,5.1506735507259e+30,120.607,71.054,-0.239,441.507,439.627,441.623,-223.304,-21.371,0.0822
279.1290766586011,162.0768254022482,3.4924691052986123,8853416309.0,0.305,1.4063385260516e+31,119.696,76.029,-5.034,438.471,441.056,441.052,-196.75,-3.12,0.0782
278.5268923501925,160.4749375511642,6.592112824340504,8853416309.0,0.322,1.4088307986045e+31,118.526,74.131,-0.124,439.571,441.963,441.172,-133.412,-6.463,0.0766
278.00417278695517,158.83206975159996,9.402354265598756,8853416309.0,0.299,5.2705121422875e+30,117.159,63.165,-1.937,442.963,442.682,442.128,-101.732,-7.093,0.0764
277.49971709189487,157.09127577994587,11.730536234316641,8853416309.0,0.257,1.2690966976434e+31,116.369,79.002,1.965,444.568,442.81,442.649,-143.142,1.426,0.0793
277.0187896231305,155.26342293579384,13.479710554132682,8853416309.0,0.215,7.4694823163454e+30,115.596,69.196,-0.046,445.693,442.341,443.517,-187.719,1.733,0.0779
276.5308474011152,153.32281475428366,14.537603962941727,8853416309.0,0.203,8.5321573720075e+30,114.765,67.876,0.256,445.537,442.734,444.256,-184.99,2.153,0.078
276.02472248125724,151.26344557574916,14.844377812630603,8853416309.0,0.272,8.6041573130607e+30,114.255,92.427,-1.234,445.324,443.719,444.828,-183.21,0.106,0.0794
275.4329481287926,149.02175768097302,14.310438840704803,29829733124.0,0.264,3.6638477785922e+32,102.58,110.753,0.386,463.213,471.272,468.86,-146.749,-11.902,0.0699
274.54427339622845,146.39166229800702,12.753464060361674,29829733124.0,0.276,1.5698995682536e+32,102.774,131.235,-1.11,449.321,465.978,460.671,-152.439,-5.181,0.0701
273.59047074480503,143.62970601824168,10.616071904492873,29829733124.0,0.248,4.1509976966203e+31,103.119,130.667,-1.435,425.204,456.494,445.661,-183.55,-19.327,0.0622
272.9928036346153,141.18908186914368,8.600918172811282,29829733124.0,0.233,8.3228121641323e+31,103.171,94.343,-0.583,413.409,447.148,434.043,-188.879,-4.864,0.0665
272.684684180594,139.01693876890297,6.782265022137663,29829733124.0,0.228,1.7747204272953e+31,102.614,80.706,-0.873,404.89,436.357,422.536,-188.356,-10.468,0.0628
272.698793276003,137.1529142449453,5.259672423444383,29829733124.0,0.279,8.3740068127224e+31,102.529,112.205,0.383,402.181,425.695,413.515,-185.406,3.124,0.0641
273.00112988390407,135.56089146485033,3.9742490366890815,29829733124.0,0.339,1.0179919208344e+32,102.713,118.65,-0.816,404.016,417.104,408.96,-161.437,1.248,0.0673
273.3669306554313,134.00205562195103,2.5728400846794792,29829733124.0,0.316,7.1526470116197e+30,102.758,108.534,0.85,416.796,413.123,411.813,-141.319,12.691,0.0708
273.44510623391324,132.10941623040037,0.5679240024314777,30419649105.0,0.307,6.3111746338485e+31,102.62,99.324,-0.065,416.349,409.22,411.332,-172.676,8.113,0.0693
273.39244593235776,130.04324558614428,-1.8554611024315,34661425924.0,1.411,1.8046158050681e+32,102.789,103.37,-1.234,410.736,409.015,410.152,-192.317,296.996,0.267
273.27799163938926,127.88009153757818,-4.542142691444546,34661425924.0,0.312,2.9930418179081e+32,102.764,77.177,-1.178,404.086,407.789,408.258,-193.225,-5.735,0.0667
273.0804296171674,125.60590330422895,-7.406698524976333,34661425924.0,0.331,2.9065104875145e+32,102.146,68.988,-1.757,396.686,406.331,404.039,-229.147,-2.554,0.0676
272.89651458498355,123.32949625612277,-10.196176525454407,34661425924.0,0.355,4.9967207049527e+31,101.823,111.927,0.411,385.918,403.065,396.81,-271.859,-77.869,0.0591
272.8567383080956,121.19333440253351,-12.621166186145821,34661425924.0,0.317,1.9392809233936e+31,101.656,116.777,-0.005,380.517,399.014,390.823,-266.627,-11.485,0.0591
272.854035779444,119.09312316429121,-14.702650454477933,34661425924.0,0.333,2.9512428566996e+32,101.392,102.726,0.199,381.334,392.671,387.099,-259.527,-6.617,0.0631
272.7441311156022,116.88607287534123,-16.515710220666456,34661425924.0,0.326,1.7463296014873e+32,101.494,103.547,-0.32,380.075,387.886,383.356,-258.881,-0.164,0.0591
272.5328730423248,114.58820149323428,-17.929030701875927,34661425924.0,0.33,1.8373499005347e+32,101.78,93.107,-0.429,373.571,382.572,378.21,-262.452,0.217,0.0592
272.4529304102166,112.45480526402048,-18.510319172278393,34661425924.0,0.313,2.8473873117145e+32,101.966,98.609,-0.955,324.141,356.053,343.966,-298.667,-11.774,0.0522
273.0539161415942,111.05968193416281,-17.54175280130294,34758212115.0,0.375,2.4588930886019e+32,101.85,111.183,1.198,350.016,340.482,340.148,-257.59,17.467,0.0613
273.80812708931904,109.86176491867364,-15.711783838678391,35002482026.0,0.335,2.9600617481062e+32,102.024,105.543,1.073,359.166,339.765,345.597,-269.775,4.799,0.0582
274.6593577205747,108.79602155219803,-13.253566865351146,35002482026.0,0.288,3.4288749486913e+32,102.141,88.901,-0.377,361.209,341.695,350.503,-270.276,6.404,0.0575
275.72291258090814,107.97426366375551,-10.220410707676473,35002482026.0,0.298,9.4215672790128e+31,101.729,74.164,-0.468,361.448,348.372,355.715,-259.256,2.772,0.063
276.97845790739524,107.3649219403158,-6.877519576035279,35002482026.0,0.338,7.2734991662548e+31,101.74,97.407,0.435,370.091,356.406,363.294,-242.372,9.544,0.0638
278.1929041601713,106.71340104953438,-3.779841519368903,35002482026.0,0.401,3.1350018192999e+31,101.866,117.692,0.581,387.695,366.944,374.714,-215.217,14.176,0.0657
279.0527451028905,105.68537161659026,-1.5312918387476944,35002482026.0,0.332,2.7752504801914e+31,102.06,116.996,0.45,394.037,374.758,381.425,-224.063,3.026,0.0649
279.6937756645592,104.41579117257179,-0.09145168886613247,35002482026.0,0.328,2.1060425253672e+31,101.984,99.427,-0.107,391.409,377.863,384.302,-235.86,-2.604,0.0621
280.29087146920915,103.08707951930523,0.7350870838338649,35002482026.0,0.329,3.4724970470527e+31,102.472,105.759,0.14,384.112,380.316,384.699,-246.941,-4.326,0.0628
280.9566353800421,101.81766392048894,1.11386636286919,35002482026.0,0.252,1.3750325348883e+32,102.566,80.402,-0.055,383.212,383.932,385.795,-237.508,-7.534,0.06
281.6068026178089,100.52163275015714,0.9957151376740258,35002482026.0,0.317,1.4383410938035e+32,102.242,72.985,-0.44,385.678,387.626,386.913,-230.517,4.507,0.0649
282.17346891209525,99.12934912569125,0.3804794769802125,35002482026.0,0.377,2.0753226101806e+32,102.061,98.252,-0.006,384.731,388.141,385.58,-237.957,-4.507,0.06
282.7067232278311,97.69371281707363,-0.5509186567939046,35002482026.0,0.34,5.130022700963e+31,101.883,110.221,0.383,384.163,385.557,384.544,-234.57,2.127,0.0613
283.16856846014093,96.1797066808378,-1.6814330818733763,35002482026.0,0.318,5.3705497986052e+32,101.483,95.456,0.202,383.115,383.987,383.855,-225.143,-6.418,0.0608
283.54073022059316,94.57666990782226,-2.8285208569418874,35640558234.0,0.338,3.986497868561e+32,101.227,99.814,-0.26,375.244,381.276,379.68,-232.713,-2.675,0.0584
284.14734376485444,93.22983470979975,-3.376932430733635,35985640265.0,0.326,1.7974758584095e+32,98.531,51.498,-0.599,328.76,340.464,335.588,-261.61,5.135,0.0533
285.55556632619005,92.72455147712343,-2.5317671682577885,39603666252.0,0.365,1.2457408662463e+32,96.618,88.934,0.085,356.718,344.13,349.363,-202.465,0.062,0.0553
287.2676823178506,92.5387402798472,-0.9342605442918882,39603666252.0,0.414,1.9465471539691e+32,96.385,84.328,-0.243,363.588,349.965,355.002,-184.369,12.475,0.0574
289.1568893258162,92.51540810194906,1.0491433494719957,39603666252.0,0.41,2.8436098191459e+32,96.272,110.466,0.723,380.665,358.244,366.246,-124.05,-14.331,0.0626
290.78870182777604,92.17969337373552,2.6530814539049627,39603666252.0,0.396,8.1796180871594e+30,96.699,129.617,1.314,407.029,370.565,383.819,-77.529,20.229,0.0664
291.6982395755438,91.03502520596635,3.1681039308797905,39603666252.0,0.341,1.6449288820345e+32,97.049,98.349,0.844,407.321,378.045,390.504,-104.539,5.717,0.0606
292.32612222034413,89.52889461684576,3.11647272710971,39603666252.0,0.32,1.0930551935263e+32,96.89,79.429,-0.742,397.268,384.28,392.698,-117.585,-5.287,0.0593
292.91480741369566,87.91488166848552,2.8921829722106356,39603666252.0,0.309,2.8990186655377e+31,96.327,66.374,-0.629,387.345,389.208,392.721,-92.009,-11.429,0.0589
293.4504376048067,86.18100392743874,2.583003539728174,39603666252.0,0.418,1.3176270746857e+31,96.138,101.49,-0.258,391.155,393.684,394.7,-79.851,12.097,0.068
293.75574537916924,84.1478246756403,2.091926943240223,39671493922.0,0.339,2.0771670744112e+31,95.855,98.598,0.314,386.962,395.735,391.542,-110.085,-3.854,0.057
294.00101164398404,81.99468149263895,1.7521094042830785,40300030328.0,0.373,1.5527501426571e+31,95.65,106.462,-0.392,382.527,393.408,387.269,-142.777,-0.539,0.0585
294.25930955584,79.80387936861757,1.7900841035178021,40300030328.0,0.384,7.7328677860412e+31,95.536,100.254,-0.264,372.642,384.451,380.377,-147.241,-19.94,0.0544
294.66997908298765,77.72213023573569,2.457058728829903,40300030328.0,0.355,7.200811688693e+30,94.598,92.883,0.494,366.385,366.726,364.299,-132.78,4.95,0.0573
295.08221555331704,75.59464681109611,3.5949942697211963,40300030328.0,0.368,3.9660442286353e+30,94.467,111.827,-0.253,376.351,367.04,368.43,-131.66,3.213,0.0543
295.3561638724451,73.27715750081465,5.018446361445971,40300030328.0,0.354,6.5065642157347e+31,94.537,115.202,0.343,376.125,366.059,369.613,-138.016,-3.912,0.0532
295.6421761372131,70.92530136380724,6.871022094560168,40300030328.0,0.34,6.0039911140162e+31,94.424,105.041,0.035,373.176,366.761,370.787,-135.887,-8.156,0.0526
295.98851246117613,68.59059033680526,9.146454830726098,40300030328.0,0.315,1.9998782067546e+32,94.905,123.088,0.14,370.264,369.31,371.455,-133.231,-7.39,0.0503
296.39513095032805,66.27165794923644,11.722250433153814,40300030328.0,0.282,1.6938262423426e+32,95.101,110.686,0.315,374.288,372.478,373.803,-110.134,-0.059,0.0532
296.7392222888066,63.83933348250089,14.289062914372272,40300030328.0,0.319,6.9836676407833e+31,94.993,87.469,-0.029,376.73,375.241,375.145,-101.575,8.322,0.057
297.015112917443,61.28425152511537,16.658512602668363,40300030328.0,0.427,7.3117682400512e+31,95.153,116.662,-0.419,378.889,375.915,376.247,-97.529,7.721,0.0542
297.197841891679,58.57842675520809,18.625229461659185,40294179127.0,0.378,2.6446606048417e+32,95.651,151.028,0.161,380.182,375.639,377.597,-94.081,2.562,0.0545
297.2496277377549,55.68191032227989,19.98606261547121,40007470271.0,0.469,5.2545262007661e+32,95.597,115.03,-0.28,379.73,376.628,378.363,-102.597,-8.48,0.0521
297.18789773424044,52.612939064856775,20.633559208954555,40007470271.0,0.405,2.3427185616833e+32,95.624,110.133,0.822,376.871,377.117,377.748,-110.411,4.239,0.0565
297.04559211000765,49.40636926491024,20.50994131116917,40007470271.0,0.317,4.5387365504638e+32,95.9,110.759,-0.255,374.307,377.617,376.702,-108.549,-6.683,0.0509
296.7745123323898,46.013337562289884,19.489868854049043,40007470271.0,0.326,1.0638421891925e+32,96.136,94.152,-0.229,374.142,377.079,376.032,-106.807,-0.787,0.0517
296.2585427851434,42.315978308560695,17.41294899279133,40007470271.0,0.346,3.4140154980364e+32,96.052,91.183,-0.382,374.647,376.676,375.519,-95.048,-2.966,0.0548
295.3608379874814,38.17990746962535,14.179023327661067,40007470271.0,0.386,2.8667609240682e+32,96.313,123.469,0.412,371.971,375.147,373.587,-97.508,26.321,0.0643
294.1312623754879,33.672410159207566,10.036147286222581,39560758613.0,0.473,1.1228993888848e+32,96.966,109.78,-0.567,331.159,343.413,339.204,-115.369,-5.565,0.0499
293.08560229976774,29.342520088875037,5.8477253037240935,39457671307.0,0.362,1.7916140439346e+32,98.459,139.012,0.036,318.581,329.057,323.249,-76.407,-8.98,0.0454
292.1340640933083,25.114884830854056,1.7435173716159633,39457671307.0,0.343,1.9451096439573e+32,98.141,83.508,0.09,322.266,325.592,321.971,-76.332,3.129,0.0466
291.06422469648766,20.782950400700503,-2.338930728566282,39457671307.0,0.506,2.1344477588111e+32,99.111,123.875,0.338,322.776,325.834,325.354,-78.303,72.914,0.082
289.8322465834019,16.318587438838886,-6.231342682589689,40640955017.0,0.504,2.1860507096076e+30,100.412,103.775,-0.463,290.998,306.839,302.014,-47.636,62.696,0.0699
288.99651874951496,12.312951963023956,-9.065400995092391,40640955017.0,0.412,2.6015401662347e+30,100.269,90.598,-0.758,278.243,300.732,293.324,-56.236,-2.327,0.0459
288.5655417394106,8.786353415146976,-10.724968209765281,40640955017.0,0.325,6.1691855366739e+31,100.231,100.741,-0.242,274.548,295.612,287.167,-62.99,-7.301,0.0405
288.324351657925,5.516815862573547,-11.514801473388967,40640955017.0,0.364,1.0872593802184e+32,100.27,114.695,-0.337,280.97,291.963,285.058,-77.353,-41.489,0.0409
288.01112805107664,2.2294326290507387,-11.87505751187739,40640955017.0,0.442,2.7989779627066e+32,100.288,107.161,0.63,285.514,287.951,283.953,-74.739,-4.641,0.0437
287.5214494677661,-1.1873405310652139,-12.065266824302835,40640955017.0,0.433,1.9852220710526e+32,100.459,104.283,-0.193,285.607,283.587,282.914,-75.594,4.415,0.0422
286.8407666340715,-4.747508194764398,-12.19993420003405,40640955017.0,0.414,1.2601934537213e+32,100.898,113.682,0.318,282.627,280.246,282.069,-82.333,-0.162,0.0408
285.96582132565993,-8.448117648391698,-12.331171362210588,40640955017.0,0.349,4.3005737975482e+31,100.569,67.85,-0.246,277.275,280.007,280.294,-105.543,-6.588,0.0409
284.91842793747935,-12.2554021909679,-12.430892688108738,41156980051.0,0.921,1.6263013816123e+32,99.975,64.236,-0.249,272.268,279.573,277.551,-133.048,112.311,0.0897
283.7546121580541,-16.09406745161802,-12.373060487635172,43971662056.0,0.487,3.8370342378077e+32,99.888,109.132,-0.76,254.923,274.335,267.518,-154.347,-10.983,0.0363
282.85364049953466,-19.555470606144418,-11.63921135552502,43971662056.0,0.396,7.3698047624759e+32,99.292,88.082,0.126,222.808,212.529,215.902,-123.405,7.692,0.0333
282.34005990063963,-22.496950994613854,-10.071572586005002,43971662056.0,0.44,6.3785376956135e+32,99.046,78.988,0.268,228.086,215.1,220.207,-119.337,11.648,0.0342
282.19903986701314,-24.930024909375362,-7.796302102821887,43971662056.0,0.366,8.8366895466509e+32,99.141,65.626,-0.019,233.875,220.32,225.719,-114.139,10.486,0.0328
282.30863451567944,-26.986412599218777,-5.172739336236803,43971662056.0,0.425,3.6710463259215e+31,98.734,50.787,0.452,241.596,226.403,232.766,-104.284,14.953,0.0383
282.3925332173562,-28.963617519781206,-2.805951884942984,43971662056.0,0.503,2.403104501749e+31,98.844,97.951,0.718,263.022,236.331,246.496,-71.583,21.902,0.0417
281.98237183796084,-31.3517475574569,-1.469076056429334,42957352412.0,0.376,8.0655088681349e+31,98.79,77.204,0.498,265.815,243.56,252.725,-83.655,12.513,0.0369
281.28921831357445,-33.9329775689638,-0.9936586597832577,41272873895.0,0.282,3.1882614116839e+32,98.868,75.39,0.467,260.362,249.01,255.032,-85.078,-9.958,0.0344
280.5046464873748,-36.497843981439274,-1.090610388221588,41272873895.0,0.298,3.1344286746107e+32,98.935,79.12,-0.446,244.003,249.023,250.879,-108.939,-24.863,0.0313
279.8802422879185,-38.774452164302026,-1.3531612768050418,41272873895.0,0.325,9.7373695875758e+31,99.197,95.57,-0.77,235.833,249.412,246.741,-96.631,-12.92,0.0322
279.41625270984565,-40.75192022132586,-1.6752542559688015,41272873895.0,0.301,2.2247233479915e+32,99.281,59.035,-0.128,230.178,248.092,241.365,-96.431,-3.837,0.0331
279.1254019049404,-42.41203111329081,-1.968117314790562,41272873895.0,0.313,4.9530024571951e+32,99.266,88.732,0.421,224.21,236.013,229.711,-99.045,2.38,0.0329
278.96744581578247,-43.79499723526823,-2.232831142754566,41272873895.0,0.411,5.5720778096895e+32,99.339,100.783,-0.599,230.427,232.525,229.915,-100.161,1.974,0.0338
278.7784795723543,-45.06866350643113,-2.6192896949145714,41272873895.0,0.316,1.8498844898587e+31,99.376,78.365,0.505,229.397,228.599,228.111,-116.976,0.58,0.0313
278.68171999341354,-46.10550955939754,-2.9267059425942623,41272873895.0,0.304,2.2197434630857e+31,99.333,74.179,-0.075,225.799,227.178,226.573,-122.497,-5.427,0.0311
278.7329949001934,-46.84662142194331,-3.0313517305518034,41272873895.0,0.264,3.8068001937686e+32,99.591,80.97,0.259,221.669,225.387,224.763,-123.24,-10.873,0.0301
278.9423400821425,-47.28319528980119,-2.8949994142552113,41272873895.0,0.296,3.6317651031641e+32,99.555,47.375,-0.33,223.318,225.095,224.882,-124.017,-0.625,0.0311
279.22498906708813,-47.505802595055684,-2.617433223399818,41272873895.0,0.355,7.2459343294181e+32,99.011,39.939,-0.323,224.394,226.012,224.833,-140.89,2.831,0.032
279.5949030467817,-47.50452585523541,-2.19556855615877,42458914417.0,0.369,5.2986470425421e+32,98.559,43.684,0.025,223.083,225.176,223.567,-145.743,4.455,0.0314
280.13803559107464,-47.19653487798686,-1.5560484558643461,44455415962.0,0.364,1.0478787062382e+32,97.101,54.6,0.082,219.842,221.836,221.335,-207.95,2.43,0.0328
280.87391672774413,-46.57125590727655,-0.7436404371838663,44455415962.0,0.476,2.3299518366051e+32,96.488,50.671,0.58,225.722,223.071,223.285,-155.129,16.904,0.0356
281.6420285097104,-45.80759407907519,-0.05528260719737912,44455415962.0,0.375,4.4929685396106e+32,96.165,37.242,0.225,236.865,225.97,229.057,-138.217,14.279,0.0375
282.2185880415498,-45.14971561068959,0.14605921210204165,44455415962.0,0.394,4.5863175617131e+32,95.533,44.651,0.74,245.785,229.59,235.123,-146.886,28.827,0.0406
282.57784634309036,-44.63277442985928,-0.19709586632723394,44455415962.0,0.391,2.9256189945724e+32,94.953,46.414,-0.215,241.704,231.531,236.359,-146.52,-2.932,0.0345
282.9568451775492,-44.0175791744886,-0.7651772651293015,44455415962.0,0.427,2.7629196227578e+32,94.394,56.116,-0.26,239.238,234.464,238.154,-139.936,-1.111,0.0371
283.33586468983,-43.32740941475782,-1.5139576613405827,44455415962.0,0.358,2.2656308184375e+30,93.862,52.384,0.052,238.423,237.17,239.42,-126.308,-16.403,0.034
283.6983682932993,-42.584068805776646,-2.393508789450849,44455415962.0,0.327,2.3585382145264e+32,93.342,51.351,-0.049,238.544,239.812,239.585,-113.76,-0.857,0.0342
284.0642844923845,-41.772663438714055,-3.3046468732074947,44455415962.0,0.382,1.5711238362647e+32,92.809,50.815,0.048,240.694,241.427,240.38,-113.539,0.474,0.0372
284.3595866439216,-40.97467679089551,-4.251576854176511,44455415962.0,0.364,7.1962650265133e+32,92.693,47.491,-0.132,242.693,241.135,241.052,-114.39,6.131,0.036
284.5618390878109,-40.21728566164916,-5.161725209206016,44470177289.0,0.327,4.2845766214036e+32,92.101,39.64,0.17,242.471,239.844,241.069,-133.722,2.723,0.0352
284.7299386082666,-39.44173311071017,-5.847396690911094,46684376317.0,0.408,1.1674655783318e+32,91.406,49.23,-0.184,239.146,240.071,240.137,-147.132,-9.157,0.0338
284.94974837785304,-38.5608317662823,-6.093029266422849,46684376317.0,0.445,1.5107907163072e+32,90.876,67.575,-0.284,237.94,239.979,239.636,-133.708,-9.344,0.0327
285.2211501933407,-37.57641335705528,-5.8117984646433625,46684376317.0,0.382,1.902193143213e+32,90.351,57.774,-0.008,237.212,239.619,238.893,-133.746,-2.407,0.0343
285.59153490447756,-36.44344987174737,-4.903569893958929,46684376317.0,0.375,3.4637735620546e+32,89.569,52.704,0.027,236.667,239.353,237.982,-133.461,-2.323,0.033
286.094821448535,-35.13396498275722,-3.342565319022183,46684376317.0,0.378,6.7241264750975e+31,89.079,66.544,0.193,243.333,240.404,240.73,-128.355,8.812,0.0356
286.56970019780226,-33.822492893678984,-1.3847439773522343,46684376317.0,0.379,6.760817022316e+31,88.633,47.321,-0.133,249.133,241.632,243.807,-125.137,11.116,0.0381
287.02473286886556,-32.509596587239784,0.8861957033696124,46684376317.0,0.398,6.7956663101415e+31,87.823,43.775,0.102,251.7,243.1,246.268,-128.169,20.014,0.0397
287.53396883477365,-31.128631378904295,3.4432649544892304,46684376317.0,0.389,1.1759177954562e+31,86.931,70.813,0.457,257.188,246.867,251.115,-118.831,8.459,0.0386
287.98909518650595,-29.801578003454797,6.0163989989373485,46684376317.0,0.395,2.6876258578205e+32,86.547,80.431,0.292,267.091,252.195,258.239,-103.336,1.964,0.0389
288.2365751896445,-28.696129937200016,8.283167709652904,46684376317.0,0.414,2.5481253979387e+32,86.125,72.136,0.13,275.003,258.185,264.924,-95.236,3.901,0.0412
288.2881796548498,-27.805448646584253,10.162464721848268,46684376317.0,0.45,9.647169923268e+32,85.663,69.176,-0.14,274.12,263.117,268.002,-102.436,3.429,0.0399
288.31739845224456,-26.95268730948633,11.807315814138708,46684376317.0,0.452,6.1470657323474e+32,85.365,67.324,0.04,273.078,266.331,270.434,-102.092,25.571,0.0488
288.36017661339747,-26.101421232816232,13.220145658029406,46684376317.0,0.373,2.7966830806032e+32,84.78,38.554,0.194,272.673,269.27,272.172,-101.743,-5.137,0.0391
288.4411260047828,-25.2291152321152,14.376875094447435,46832059250.0,0.338,9.6840151983816e+31,83.855,40.197,0.063,274.182,272.662,273.661,-93.72,4.37,0.0416
288.56183776312844,-24.339467340771034,15.210781121424178,47427554951.0,0.435,1.1440067117109e+32,83.146,63.57,-0.072,278.27,275.445,275.986,-70.764,-13.835,0.0421
288.6228417142869,-23.542034072278447,15.527890935968214,47427554951.0,0.375,7.7176865763199e+32,81.084,63.334,-0.104,292.599,286.225,289.916,-56.489,-2.866,0.0416
288.5116243303487,-22.958734702118775,15.144073126207145,47427554951.0,0.376,4.1453146952259e+29,80.741,48.716,-0.108,287.736,287.666,289.201,-64.834,-12.548,0.0392
288.3275497753661,-22.491997427769576,14.166892426880876,47427554951.0,0.334,7.2665465293608e+29,79.955,40.543,0.162,284.905,288.904,288.258,-63.27,-5.701,0.0401
288.0544007737374,-22.161675234168957,12.601136942966772,47427554951.0,0.434,8.6758977037429e+30,79.311,67.073,-0.217,287.268,290.169,288.737,-44.351,0.71,0.0419
287.5511890615953,-22.114360222676176,10.339818646703922,47427554951.0,0.439,2.7210249721921e+31,78.849,68.281,0.058,288.668,289.454,288.401,-34.324,4.625,0.041
286.81106837147854,-22.354022905974684,7.500434820882026,47427554951.0,0.395,3.0839115863575e+31,77.929,66.551,0.053,281.553,286.547,284.441,-39.045,4.062,0.0417
286.0423684597318,-22.65845964815914,4.516491736681404,47427554951.0,0.48,8.6750362094702e+31,76.804,50.467,-0.466,267.905,281.236,277.085,-55.217,-4.672,0.0399
285.44693304220226,-22.812677162927535,1.811366887941667,47427554951.0,0.472,6.2452820246166e+31,75.836,51.893,-0.149,261.669,276.909,271.955,-63.997,-0.914,0.0406
284.9399836256127,-22.900473032163504,-0.5824909986996258,47427554951.0,0.351,6.0741663156316e+31,75.408,44.972,-0.229,259.444,273.481,267.57,-64.575,-11.08,0.0371
284.46645181079504,-22.979976644624724,-2.6551411574197,47417554876.0,0.369,4.0334844488245e+31,74.35,41.287,0.352,260.807,270.324,264.649,-66.285,-4.747,0.038
283.9271828260567,-23.15571818190937,-4.477624082840173,46717549645.0,0.483,1.4726827186251e+32,73.566,58.372,0.051,264.1,266.951,263.872,-65.531,9.268,0.0443
283.2028914748265,-23.550322855043948,-6.1408627188498945,46717549645.0,0.316,6.8660301423107e+32,73.154,68.294,-0.036,260.797,262.289,261.18,-73.002,1.879,0.0378
282.42780175590514,-24.02215419913048,-7.417424919898273,46717549645.0,0.389,2.9179047778511e+32,72.71,59.762,-0.35,252.268,258.154,256.777,-74.357,4.633,0.0398
281.74618369769485,-24.418055181948123,-8.079125112288793,46717549645.0,0.392,2.07294417409e+32,71.896,50.62,-0.182,248.738,256.989,254.48,-74.17,-19.281,0.0358
281.0878381728783,-24.806909940472373,-8.194846066367766,46717549645.0,0.326,2.2967182755175e+32,71.237,59.352,-0.157,247.465,255.086,252.081,-71.342,-7.874,0.0348
280.4282667934206,-25.212899542802436,-7.823590953211457,46717549645.0,0.34,1.8555495555116e+32,70.754,44.114,-0.003,249.595,253.929,251.128,-64.17,-8.884,0.0363
279.71556601120426,-25.687351910333874,-7.073592261916376,46717549645.0,0.333,2.3594108555692e+32,70.003,37.739,0.083,247.554,251.548,248.928,-69.694,-3.276,0.0346
279.02490332890756,-26.150430570927824,-5.916817298183326,46717549645.0,0.434,1.6810198863341e+32,69.063,55.32,-0.107,246.153,248.393,247.323,-66.815,2.462,0.0357
278.3721436116533,-26.582765534476607,-4.411609539502118,46717549645.0,0.433,6.560456955717e+31,68.402,62.849,0.09,245.213,246.837,246.549,-67.426,-4.06,0.0348
277.7662400870051,-26.973104710344224,-2.648879195472227,46717549645.0,0.508,8.6024869605329e+31,68.241,63.996,-0.213,244.195,246.619,245.627,-72.478,-0.811,0.0343
277.2455457656549,-27.281774619698115,-0.7102887859973561,46717549645.0,0.377,9.4369258321485e+31,67.46,54.615,0.366,246.047,246.514,246.03,-66.116,-2.427,0.0348
276.7447746327993,-27.577372956918857,1.179056765004865,46717549645.0,0.408,2.5822622676413e+32,66.887,46.218,-0.112,250.053,247.396,247.793,-50.021,4.31,0.0363
276.19195631843445,-27.936049489880975,2.7854571952186413,46717549645.0,0.359,7.1121374627508e+31,66.142,36.746,0.277,252.239,247.599,249.117,-22.131,13.006,0.0388
275.59908432452215,-28.34711350178995,3.99579566284782,48985437809.0,0.4,2.9813928012483e+31,65.472,30.305,-0.387,253.992,249.009,250.967,-17.075,14.582,0.0399
274.929555050447,-28.848523906209202,4.672871130382193,49446390688.0,0.509,4.8969500104843e+31,64.872,46.714,-0.184,255.95,250.801,253.132,-18.434,6.434,0.0386
274.1363758567673,-29.48700269501068,4.712760263671562,49446390688.0,0.412,5.0542551222505e+31,64.259,59.588,-0.001,254.92,251.91,253.697,-34.119,-5.74,0.0366
273.26743010405886,-30.20924004450271,4.179233991807603,49446390688.0,0.515,1.5324655653833e+32,63.7,56.799,-0.192,251.531,252.669,252.836,-39.076,-9.041,0.0363
272.37430544009874,-30.95594958599239,3.1895061256096278,49446390688.0,0.565,1.4093020363108e+32,63.077,48.257,0.025,246.795,252.007,250.567,-40.201,2.216,0.0395
271.5028523452964,-31.673168540249186,1.884473773032468,49446390688.0,0.727,6.5203859293987e+31,62.354,48.587,-0.046,241.545,249.764,247.033,-42.337,60.451,0.0587
270.7004579252229,-32.30622199956232,0.41858232250474836,49446390688.0,0.473,1.2126433668045e+32,62.053,40.789,-0.129,237.837,247.365,243.566,-37.252,8.808,0.0395
269.952432472604,-32.86563513362973,-1.1279504172694659,49446390688.0,0.439,1.1456991871562e+32,61.835,44.583,-0.179,236.273,244.65,240.723,-33.043,-2.961,0.0383
269.2093821922932,-33.398183257953114,-2.7152556128981153,49446390688.0,0.442,1.847497988979e+32,61.141,46.642,0.062,234.112,241.02,237.626,-7.177,-40.675,0.0348
268.50136228367774,-33.86811135344637,-4.20046580371633,49446390688.0,0.429,6.738137075789e+32,60.636,55.352,-0.18,226.766,236.301,232.378,22.449,-18.816,0.032
267.9747612691081,-34.121004298645275,-5.31470670113476,49446390688.0,0.505,9.3730419199361e+32,59.857,48.324,-0.102,222.454,232.349,228.503,14.867,-17.0,0.0318
267.59383652681066,-34.19246625412972,-6.044356040219155,49446390688.0,0.406,8.6395648349358e+32,59.306,61.478,-0.431,223.54,229.913,227.05,14.779,-7.709,0.0321
267.24609234003344,-34.19977981370441,-6.506458580882246,49446390688.0,0.464,5.3436201919836e+31,59.172,65.202,0.109,224.414,227.96,225.622,23.599,-0.017,0.032
266.9430423888178,-34.13337695792392,-6.6883794427485705,49446390688.0,0.364,5.3785536287366e+31,58.912,44.149,0.335,223.723,226.041,224.249,16.536,-4.425,0.0304
266.70722267385355,-33.972187436181194,-6.5755978425141555,48876651531.0,0.358,1.9041646456076e+32,58.675,55.409,-0.028,223.544,224.334,223.749,12.22,-0.434,0.032
266.51758677146574,-33.74055867904465,-6.222108611381176,47610564513.0,0.441,7.1371024090707e+31,58.532,64.105,0.249,223.663,223.127,223.618,13.169,1.947,0.0327
266.38004766471954,-33.436399845796146,-5.6681215549778745,47610564513.0,0.402,2.6757844050697e+32,58.776,95.215,-0.194,224.934,223.977,224.332,11.344,2.133,0.031
266.25279416907256,-33.10789659236899,-5.025093707158963,47610564513.0,0.416,3.037923650267e+32,58.836,93.497,0.269,230.276,226.048,227.161,2.985,4.408,0.0334
266.00464619199056,-32.8943819253303,-4.5041430737757775,47610564513.0,0.486,4.3617361967727e+32,59.078,100.695,-0.204,233.273,227.165,229.238,4.604,3.689,0.0339
265.6439771675327,-32.789157595576384,-4.1196657029235535,47610564513.0,0.501,4.7892558592192e+32,59.365,91.53,0.179,233.136,228.222,230.348,-5.544,7.165,0.0333
265.22614576556657,-32.733492317341415,-3.7899922944341364,47610564513.0,2.384,5.1078366159046e+32,59.584,70.499,0.142,230.47,229.073,230.397,-20.09,591.023,0.231
264.825362791549,-32.647206974257884,-3.3882399125719296,47610564513.0,0.458,2.1085934995999e+32,59.175,71.731,-0.102,221.512,227.925,226.003,-40.225,-8.051,0.0306
264.5531560935772,-32.41284452769778,-2.751751072308995,47610564513.0,0.421,2.210869145407e+32,59.109,69.458,-0.27,222.928,227.867,225.416,-27.212,-86.034,0.0322
264.3713426768364,-32.0689899734613,-1.9215860463941303,47610564513.0,0.529,1.7555793506874e+32,58.964,66.086,0.033,224.581,226.411,224.725,-7.294,2.436,0.0324
264.27867392157873,-31.619665508111666,-0.9294746249039253,47610564513.0,0.498,3.1111253193549e+32,58.716,73.192,0.178,228.412,226.012,226.013,-0.909,12.302,0.0343
264.19627341262924,-31.14997825057174,0.08317807750931962,47610564513.0,0.37,1.277356982908e+32,58.772,64.102,0.124,232.242,226.508,228.279,7.166,0.75,0.0325
264.08380645836473,-30.70566159653077,1.0179906605402247,47610564513.0,0.38,2.57852271994e+32,58.577,42.784,0.257,234.144,227.36,230.248,15.903,6.473,0.0345
263.9591502442776,-30.27198398679304,1.854602897370683,47618947536.0,0.35,2.2165707920624e+31,58.315,65.156,-0.011,237.058,230.318,233.283,12.706,1.914,0.035
263.7648119736677,-29.9103398327945,2.498762429730582,47643398018.0,0.47,1.0039178846142e+32,57.912,64.556,-0.2,238.95,233.044,235.73,3.274,7.493,0.0349
263.5059864020544,-29.615979908828198,2.9529264656483587,47643398018.0,0.423,4.4035596000356e+31,57.776,66.058,0.218,237.733,234.471,236.36,10.256,-3.354,0.0334
263.26384620144853,-29.30451582782861,3.329735733247802,47643398018.0,0.391,1.8641293545014e+32,57.768,73.471,0.154,235.848,235.83,236.397,12.171,-5.172,0.0332
263.08099148226785,-28.931169072716525,3.698383890812238,47643398018.0,0.452,1.5816827435738e+32,57.689,73.854,-0.143,233.566,235.921,235.489,12.262,-4.163,0.0335
262.9887318388164,-28.465277902470863,4.093797182792222,47643398018.0,0.441,6.8584733975687e+31,57.88,64.586,-0.096,236.522,236.63,236.518,14.176,9.331,0.0365
262.87996556916687,-28.020113820053545,4.370036670158655,47643398018.0,0.413,4.335110952339e+32,58.001,50.791,-0.174,240.033,237.809,238.021,17.74,3.157,0.0342
262.7100200007876,-27.645068594343872,4.4558608470601575,47643398018.0,0.482,2.8440987623244e+32,58.349,75.084,0.301,241.571,238.076,238.911,20.424,25.909,0.0421
262.4998301170552,-27.320615269287707,4.375447969490514,47643398018.0,0.437,2.1070385224517e+32,58.91,104.683,0.196,241.63,238.271,239.759,23.291,3.115,0.0376
262.2533183800472,-27.043494203806578,4.147650654922298,47643398018.0,0.427,8.4978695697105e+32,59.426,101.083,-0.08,241.464,239.118,240.564,20.908,2.995,0.0353
261.9607121583387,-26.82378328920983,3.7854201253977133,47643398018.0,0.381,2.3302203928648e+32,59.486,77.334,0.159,241.845,240.202,241.336,22.868,-18.127,0.0345
261.61833058358854,-26.664004198603863,3.3222954808241085,47643398018.0,0.364,6.523944621851e+31,59.687,68.751,-0.264,239.167,240.797,240.377,4.674,-12.924,0.0328
261.2985938463011,-26.488012712390972,2.886954746808181,47643398018.0,0.41,1.428943678344e+31,59.957,61.583,-0.029,237.767,240.395,239.483,-8.936,-3.134,0.0342
260.99331881201016,-26.30251662649968,2.5072842650410982,47643398018.0,0.396,3.218540180167e+32,59.982,46.832,-0.304,236.932,239.579,238.616,-13.306,-0.541,0.0343
260.69212653988944,-26.117243560843587,2.1959130992476656,48228846401.0,0.306,4.7434575472212e+32,60.002,48.204,0.156,236.921,238.928,237.926,2.283,8.664,0.0356
260.3918047785661,-25.934508768463914,1.9663409712423165,48807487245.0,0.411,4.1150008388118e+32,60.121,66.828,0.071,236.479,238.162,237.22,-2.605,4.211,0.0356
260.10289636689197,-25.742142244555893,1.842125588281561,48807487245.0,0.481,2.5138310882535e+32,60.834,116.615,-0.156,234.66,236.946,235.924,-6.55,-0.645,0.0341
259.8720932648811,-25.491176638999537,1.8769626666033985,48807487245.0,0.414,6.0033664404459e+31,61.436,105.549,-0.125,233.638,235.667,235.002,-4.576,-7.693,0.0329
259.6985151595565,-25.182617216101672,2.047602582216145,48807487245.0,0.373,3.4547602168197e+32,62.03,104.25,0.005,234.114,235.481,234.851,-7.926,-2.612,0.0347
259.55567633975625,-24.845309685090815,2.2782008525829847,48807487245.0,0.443,3.2398844972626e+32,62.585,97.448,0.144,235.739,235.452,235.235,-7.1,3.905,0.0354
259.40942482027606,-24.516816431808937,2.471271129498453,48807487245.0,0.454,4.1684956258851e+32,63.042,80.779,-0.483,238.184,235.891,236.372,-1.199,8.1,0.0355
259.2176556976196,-24.242518966072954,2.5221452470767822,48807487245.0,0.37,2.9953087040637e+32,63.039,48.954,0.46,239.43,236.325,237.363,3.734,-0.353,0.0345
258.9800186034957,-24.02378808147453,2.389672676584855,48807487245.0,0.439,6.2277629237059e+32,63.087,71.826,-0.053,239.263,236.685,237.937,0.555,-1.274,0.035
258.7179366592231,-23.8384249902327,2.0762229921685402,48807487245.0,0.5,6.0833264458804e+32,63.325,79.237,0.51,238.202,237.312,238.109,0.366,11.411,0.0396
258.44435486836335,-23.672467389680616,1.5871769763255572,48807487245.0,0.462,1.7038528313935e+32,63.617,78.976,-0.497,237.616,237.911,238.142,1.47,1.878,0.0352
258.150820698209,-23.53386818960876,0.9129747678246483,48807487245.0,0.491,3.8405352365217e+31,63.751,78.596,0.074,237.321,238.219,237.97,-13.125,-0.567,0.0348
257.82275463359986,-23.43663007491092,0.04948683880857776,48807487245.0,0.462,2.6403506081769e+32,63.808,52.439,-0.092,237.093,238.201,237.637,-15.82,-13.865,0.0341
257.4514933577583,-23.38780971761131,-0.9824674346341421,48807487245.0,0.499,4.7261671746157e+32,63.638,28.517,0.126,235.632,237.381,236.653,-17.215,-11.147,0.0313
257.05410835709677,-23.36693600666036,-2.1128016180930462,48535929332.0,1.057,4.4476636823047e+32,63.731,79.132,0.08,233.718,236.301,235.382,-30.188,167.264,0.0929
256.6494995107453,-23.350514386845898,-3.2535316829551344,47589591154.0,0.654,2.1506835256761e+32,64.066,110.615,-0.3,230.128,234.684,233.132,-48.062,12.556,0.0384
256.2961016988365,-23.27426345757857,-4.26611573138158,47589591154.0,0.493,8.149336341056e+31,64.445,106.245,0.041,226.594,232.806,230.516,-54.713,3.923,0.0325
256.023951832202,-23.104120053693183,-5.05789940999016,47589591154.0,0.506,1.0942127041811e+32,64.63,85.82,-0.202,225.685,231.188,228.846,-44.374,-65.576,0.032
255.79246234883198,-22.879937454918423,-5.639146651785614,47589591154.0,0.476,1.3242364347655e+32,64.747,77.833,0.217,225.476,229.508,227.414,-47.384,-16.376,0.0321
255.59784440417792,-22.604639122840183,-5.9920309470339355,47589591154.0,0.46,8.9704789479049e+31,65.473,103.966,-0.3,225.165,227.76,226.199,-48.633,-0.068,0.0325
255.44780618967744,-22.2694931460677,-6.095905498002511,47589591154.0,0.32,2.2824084675435e+32,66.149,100.988,0.458,225.036,226.458,225.547,-50.074,8.41,0.0347
255.33897665039729,-21.87741840904199,-5.955579305682729,47589591154.0,0.347,4.078145225703e+32,66.158,64.398,-0.27,224.925,225.396,225.149,-57.096,8.808,0.0349
255.2806202223262,-21.418872477153343,-5.574730398689248,47589591154.0,0.441,3.3850405494267e+32,66.206,77.56,0.294,225.499,225.216,225.309,-67.793,11.754,0.0363
255.26299300774295,-20.90443100685565,-4.993434321777221,47589591154.0,0.468,3.3706755946878e+32,66.789,115.141,-0.389,227.56,225.966,226.374,-64.496,-3.505,0.0335
255.25131404411138,-20.37042420485285,-4.289053995000121,47589591154.0,0.474,1.3959044462701e+32,67.141,106.217,0.46,228.791,226.413,227.196,-65.043,0.568,0.0351
255.26480238290685,-19.79737753606854,-3.4763681542439997,47589591154.0,0.515,3.3406293457675e+31,67.556,100.642,-0.535,229.564,227.033,228.042,-61.21,-8.34,0.0333
255.3217563792615,-19.166307438716466,-2.5709947956706234,47589591154.0,0.515,7.6766218496609e+32,68.044,92.659,0.215,230.093,227.879,228.926,-52.797,-0.206,0.0334
255.440751431421,-18.458244688724218,-1.5931615792906348,47589591154.0,0.424,6.6882359083815e+32,68.476,79.412,-0.008,230.572,228.69,229.665,-53.064,5.131,0.0369
255.64521025675143,-17.65024091337193,-0.5669357860382233,49124063328.0,0.431,6.7563403926962e+32,68.449,64.657,0.228,232.151,229.932,230.881,-57.261,9.065,0.0363
255.92917419107286,-16.75099812589818,0.4368595211567145,49692386355.0,0.55,1.552165432319e+32,68.702,91.012,-0.216,234.138,231.302,232.305,-53.199,8.485,0.0362
256.28524724791015,-15.772723106186751,1.3333124350640153,49692386355.0,0.678,6.6229894583413e+32,69.086,101.152,-0.369,238.376,233.065,234.934,-31.801,8.605,0.0401
256.6345809710605,-14.80242331240323,1.9504416321009852,49692386355.0,0.591,3.295634744918e+32,69.928,126.211,0.782,245.31,236.152,239.384,-6.257,21.956,0.0442
256.86711621337014,-13.958057732888712,2.1047582438449317,49692386355.0,0.697,8.6584071838929e+32,70.572,109.892,0.17,248.077,238.796,242.422,-12.412,50.131,0.0544
257.0273185266208,-13.19610573967795,1.8424191576613478,49692386355.0,0.738,7.8544340473686e+32,70.995,83.052,0.14,248.305,241.208,244.586,-11.916,34.736,0.054
257.1611758402655,-12.46832657850621,1.2593152819616542,49692386355.0,0.457,4.0152316939631e+32,71.373,75.267,-0.667,245.369,242.946,245.035,-18.796,-17.137,0.0367
257.3435535019484,-11.69631900565115,0.5083475566288096,49692386355.0,0.453,8.2706439744393e+32,71.421,62.666,-0.128,243.937,244.351,245.145,-23.823,-34.747,0.0355
257.57803376293515,-10.87563651281634,-0.3364848670790498,49692386355.0,0.726,1.6213482577879e+32,71.614,85.673,0.387,244.446,245.78,245.465,-10.554,6.527,0.0575
257.8329078493974,-10.039022780525865,-1.2437259899268847,49692386355.0,0.533,2.9099480669873e+32,71.744,71.499,0.033,244.948,246.237,245.274,0.337,-0.13,0.0366
258.12042864130177,-9.174096553743796,-2.1265589280091794,49692386355.0,0.418,1.84827474556e+32,71.963,70.355,0.139,244.216,245.143,244.518,-5.751,-0.766,0.0352
258.47818782585887,-8.2424048095453,-2.869161425983832,49692386355.0,0.438,6.8787221117782e+31,72.064,68.443,-0.286,243.162,244.316,243.86,-4.884,-36.805,0.0364
258.93153826095516,-7.218923689020962,-3.384013960069344,49692386355.0,0.47,9.3002093668603e+30,72.467,80.325,0.051,242.738,243.642,243.463,-8.54,3.527,0.0379
259.49072714707773,-6.09604598492287,-3.6276768255382263,49692386355.0,0.517,3.8976835294453e+32,72.736,61.935,-0.16,244.524,244.126,244.15,1.261,10.621,0.039
260.11756024232875,-4.917804671597639,-3.6421227562565903,49490567919.0,0.435,3.8129658335676e+32,72.883,68.625,0.089,247.455,245.033,245.554,4.611,6.782,0.0388
260.784049156661,-3.7191860543473507,-3.479582386556216,49402014931.0,0.532,2.027368461584e+31,73.479,116.419,0.196,250.763,246.072,247.522,7.605,0.587,0.0381
261.4482129720805,-2.5502589298267364,-3.222116757187857,49402014931.0,0.82,6.4571590546869e+31,75.137,213.26,0.335,257.245,248.59,251.664,19.494,29.651,0.0505
262.00121573771355,-1.5281594152287308,-3.021943044846801,49402014931.0,0.627,1.2688864778245e+32,75.484,85.796,-0.117,259.725,250.996,254.53,11.825,-1.041,0.0384
262.49899902488545,-0.5980680310680798,-2.8120880221759323,49402014931.0,0.628,9.2141198355453e+31,76.484,136.223,0.289,259.243,253.147,256.174,3.999,15.574,0.0441
263.0277100760702,0.3283836340534614,-2.4702668770144065,49402014931.0,0.564,5.3816136083094e+32,77.193,100.549,-0.082,257.249,255.057,256.912,3.412,-10.804,0.0451
263.64544957990097,1.3102707988172162,-1.9168130568338921,49402014931.0,0.468,5.343581744887e+32,77.576,64.802,0.215,257.165,256.679,257.583,2.74,14.606,0.044
264.3612665152564,2.3538664507168416,-1.158653854880844,49402014931.0,0.587,1.135485954568e+32,78.807,157.536,-0.432,260.852,258.789,259.541,6.84,9.384,0.0482
265.09404237437604,3.370724591385727,-0.33564502580519306,49402014931.0,0.781,1.4766788855133e+32,79.679,138.021,0.488,267.097,261.508,262.829,18.882,23.528,0.0557
265.77668937761104,4.287191325292982,0.42747770300021154,49402014931.0,1.276,2.034597389595e+32,80.54,134.29,-0.162,268.559,262.224,264.365,19.189,37.993,0.0608
266.5018898419907,5.194795796770701,1.2043093725872225,49402014931.0,1.247,2.3109897673738e+32,81.678,150.737,0.453,268.823,263.44,265.95,24.969,40.34,0.0677
267.31673812056596,6.138074140064285,2.0115682344906296,49402014931.0,1.195,8.6737161281474e+30,82.205,95.974,-0.601,269.121,265.213,267.585,32.108,2.024,0.0568
268.2203089321139,7.108938839786361,2.782607866668552,49402014931.0,0.962,6.3509461896619e+31,82.451,62.953,0.631,275.388,268.808,271.599,45.374,-10.329,0.0545
269.06356536886835,7.944764632006537,3.2601537009275505,49650905000.0,1.036,1.9103321217074e+32,82.473,46.596,-0.123,284.446,273.615,277.244,55.393,-10.379,0.0606
269.7074617524807,8.494301861892788,3.2230377780703034,51076366303.0,0.805,1.2379619242318e+32,82.502,99.464,-0.041,293.764,285.642,290.488,69.458,14.116,0.0692
270.17005146857446,8.771989570150796,2.6957604463972094,51076366303.0,0.679,1.3492095679527e+32,82.839,91.77,0.099,290.843,288.742,291.641,63.722,1.539,0.0657
270.477812030283,8.806424699220848,1.7808345078373538,51076366303.0,0.812,1.6961792456181e+31,83.236,100.965,-0.531,286.26,290.496,290.021,58.058,13.918,0.0677
270.75582330060644,8.730514607673504,0.7408223465311429,51076366303.0,0.651,2.9841646386548e+31,83.492,67.196,0.06,281.052,289.912,286.692,54.713,-17.501,0.0571
271.08400527143027,8.631340893009218,-0.20454317043217893,51076366303.0,1.157,2.2152556813859e+32,83.117,21.602,-0.346,278.169,287.923,283.58,53.422,40.86,0.0926
271.46076886941444,8.510826900416925,-0.949029864305394,51076366303.0,0.515,2.0487439792365e+32,82.608,18.328,0.159,276.102,283.717,280.308,51.025,-33.953,0.0447
271.91281240597067,8.397911964653087,-1.381827088496551,51076366303.0,1.018,3.9391542025886e+31,82.303,67.731,0.005,275.914,281.196,278.408,50.136,54.868,0.0884
272.4195327360092,8.271405970782048,-1.479644088541217,51076366303.0,0.803,9.8622009691047e+31,81.872,54.738,-0.175,277.12,279.523,277.746,43.254,-42.205,0.0535
272.9485792049563,8.097099966791138,-1.26209040347798,51076366303.0,0.707,9.5169420819731e+31,81.465,64.012,0.221,277.143,277.565,277.002,42.19,29.114,0.0577
273.53806546237126,7.912408757585423,-0.6924267050341733,51076366303.0,0.755,1.2059829184602e+32,81.615,105.1,-0.309,277.139,276.822,276.877,45.462,-23.891,0.0673
274.1918130574903,7.71811882839395,0.1924680295540331,51076366303.0,0.549,1.9460233309234e+32,81.946,100.234,0.574,279.81,277.615,278.353,54.309,12.069,0.06
274.8337973806434,7.431260918861602,1.2284328312424062,51607092413.0,0.524,1.6034458410868e+32,81.913,63.596,-0.278,284.702,279.201,281.091,69.765,0.804,0.0582
275.3815592014336,6.962167171550701,2.232019648315893,52278304846.0,0.586,2.1436114503258e+32,81.966,76.529,0.237,288.704,281.48,283.988,69.769,-1.224,0.0665
275.8091654808262,6.281157457619687,3.0998928440282922,52278304846.0,0.835,2.1697829984467e+32,82.299,99.471,-0.259,290.683,283.651,286.447,65.742,32.283,0.0793
276.11604588922864,5.3874735436580865,3.7849460756746502,52278304846.0,1.017,1.23444887556e+32,83.077,110.169,0.268,291.984,287.908,290.289,59.242,19.307,0.0793
276.31881881248995,4.300764624955647,4.2881886343177,52278304846.0,1.007,6.6132192827605e+31,83.57,108.501,-0.178,289.825,289.434,290.25,52.676,-0.004,0.0793
276.4640390343259,3.0735238995618173,4.668185532370081,52278304846.0,0.991,1.1843658933299e+31,84.16,95.867,0.36,286.718,289.711,289.059,50.283,5.083,0.0729
276.6023711917991,1.763501117422384,4.998656093907342,52278304846.0,0.837,5.6781437973687e+32,84.031,53.549,-0.431,283.338,288.628,286.876,41.479,-21.406,0.0623
276.7821660594314,0.42549546592707493,5.344109947463425,52278304846.0,0.549,5.4395896970924e+32,83.848,48.114,-0.006,281.263,287.132,284.798,40.213,-28.878,0.0564
277.0015013678169,-0.9389728960398472,5.691298770476609,52278304846.0,0.686,2.6063189111914e+32,83.923,72.779,-0.04,281.565,285.885,283.663,47.028,-12.299,0.064
277.20653153674635,-2.3830912980778463,5.9496037569940246,52278304846.0,1.025,1.5145335301213e+32,84.542,129.195,-0.215,282.71,284.385,283.088,48.967,20.929,0.0754
277.3590689707927,-3.9439489610678713,6.045738289816097,52278304846.0,1.01,1.3066978235674e+33,85.091,123.216,0.37,282.924,283.212,282.64,50.395,27.081,0.0717
277.45413626287484,-5.623119549113959,5.95875276921816,52278304846.0,1.027,1.2500988622463e+33,85.28,81.601,-0.221,281.017,281.978,281.614,39.071,20.008,0.0768
277.5177697022458,-7.388891816686027,5.7189975955974575,52278304846.0,0.727,7.5645552245514e+32,85.806,98.181,0.107,279.181,281.038,280.642,35.45,-16.842,0.0627
277.5444409511938,-9.240409983444158,5.333654366574637,52516565208.0,0.554,3.9535189169373e+31,85.757,70.7,-0.123,275.486,279.833,278.518,31.173,-15.948,0.0603
277.60209427606077,-11.100354161394776,4.905565545684859,52699842409.0,0.533,1.4830917162357e+31,85.38,70.711,-0.222,268.859,277.405,274.392,21.858,-27.892,0.0554
277.79816073333257,-12.851889097035652,4.572472760212937,52699842409.0,0.681,2.9890652259147e+32,85.341,97.62,0.15,265.457,274.823,271.169,23.022,3.356,0.0648
278.09795394171084,-14.526979445541754,4.272767550121702,52699842409.0,0.641,9.876109975273e+32,85.641,104.25,-0.472,264.789,272.234,268.828,23.253,0.317,0.0604
278.4395618771517,-16.188640532526435,3.8829714929495753,52699842409.0,0.807,1.4462375684692e+33,85.964,97.851,-0.141,266.406,270.101,267.687,31.303,5.07,0.0582
278.7644252070701,-17.897103656301777,3.2793839904775717,52699842409.0,0.668,1.7450504758454e+33,86.146,78.0,-0.021,265.492,267.951,266.174,26.831,-14.249,0.0555
279.0801652715686,-19.644558534971367,2.42591799744436,52699842409.0,0.68,5.702772721021e+31,86.52,80.466,0.109,265.047,266.057,265.396,27.908,-4.33,0.0578
279.3393386230638,-21.479028576285458,1.2400527161508133,52699842409.0,0.597,7.3041538340525e+31,86.677,62.346,0.189,264.649,264.94,265.062,27.907,-1.476,0.0573
279.49693943238333,-23.444713800540786,-0.32875132257055895,52699842409.0,0.547,7.3210988547896e+31,86.824,80.013,-0.217,261.865,264.318,263.57,22.864,-1.102,0.0549
279.5816903128124,-25.508228212710762,-2.206699114085374,52699842409.0,0.636,2.7546289952799e+31,86.733,108.44,0.162,259.37,263.366,261.954,24.874,-8.785,0.0527
279.5486281710448,-27.709144524596773,-4.365709836759585,52699842409.0,0.722,8.9382582785773e+31,86.797,111.296,-0.186,256.008,261.699,259.56,20.534,-5.237,0.0543
279.4307218007746,-30.003365327710217,-6.639305715592529,52699842409.0,0.617,2.7729087776186e+32,86.778,102.556,-0.153,243.446,256.567,252.072,-3.317,-15.021,0.0467
279.4825959087364,-32.118614852997595,-8.584886257112993,52699842409.0,0.684,1.6109660642665e+32,86.817,100.942,-0.528,235.991,252.115,246.152,-4.128,-3.625,0.0508
279.6584198617852,-34.09346514907741,-10.142692225391599,52699842409.0,0.56,7.315291652196e+31,86.831,82.089,0.109,232.98,247.632,241.486,-6.551,-12.212,0.0477
279.8816703701028,-36.001806603703685,-11.332373372878601,54207364887.0,0.565,2.8500243852102e+32,86.939,58.619,-0.171,231.556,242.65,237.04,-10.005,4.535,0.0488
280.15066491706165,-37.84154788583444,-12.106111851182355,54256630328.0,0.614,4.0565490271127e+32,86.815,60.678,-0.146,230.168,238.409,233.699,-9.335,-1.189,0.0502
280.46029046826646,-39.61348817415548,-12.431721224800864,54256630328.0,0.673,3.3901716455688e+32,86.963,92.561,-0.34,224.683,232.986,229.07,-17.48,-3.433,0.046
280.9078174936678,-41.2146656529293,-12.18393750666762,54256630328.0,0.622,2.3954122634916e+31,87.226,85.958,0.341,220.497,226.327,223.74,-11.973,-8.05,0.0462
281.4150313920097,-42.72387064932075,-11.478933313248499,54256630328.0,0.693,3.5773142090507e+31,87.608,86.861,-0.215,223.506,225.289,223.564,-11.267,-2.448,0.0449
281.9494983467096,-44.17484385690721,-10.410423541663594,54256630328.0,0.628,4.9298374840671e+31,88.325,93.071,0.465,226.591,224.465,224.163,-6.578,4.568,0.0463
282.4779877933402,-45.60201618567196,-9.083890194171298,54256630328.0,0.532,4.5115284254513e+32,88.107,59.507,-0.23,228.557,224.504,225.576,-2.181,-0.852,0.0458
282.9665786164274,-47.03963954083005,-7.605078613955671,54256630328.0,0.518,4.3061673081708e+32,87.665,70.795,0.176,229.483,224.557,226.865,2.357,1.632,0.0456
283.42919523327276,-48.471374177844694,-6.01337691681496,54256630328.0,0.698,1.2856785824124e+32,87.338,76.852,-0.167,229.302,225.828,227.924,4.572,7.212,0.0496
283.8954195637627,-49.863543959832896,-4.31991477892729,54256630328.0,0.653,1.9319746796265e+32,87.284,80.966,0.138,228.639,227.903,228.516,2.074,-3.345,0.0443
284.39065237764305,-51.18636942514176,-2.5379121409218315,54256630328.0,1.331,2.3615020939592e+32,88.171,157.627,0.075,228.206,228.298,228.544,2.554,79.58,0.082
284.9404437298991,-52.41029592022132,-0.6841677912374482,54256630328.0,0.761,1.6170175293323e+32,87.992,87.814,-0.054,227.845,228.583,228.373,2.966,-0.178,0.0495
285.569916558355,-53.507379315665816,1.2137186531338138,55936109548.0,0.64,8.9551214856893e+31,87.803,84.001,-0.142,228.403,228.779,228.492,3.905,25.03,0.0553
286.2830989330559,-54.47324957660361,3.087754386965022,56957648455.0,0.753,1.2469522353868e+32,87.535,40.338,-0.186,230.255,229.039,229.281,7.068,-36.491,0.0521
287.0430405086701,-55.34790235365252,4.8062067993267625,56957648455.0,0.605,6.1401790860265e+30,87.338,59.806,-0.021,235.346,230.476,231.95,13.682,-0.292,0.0494
287.75532483857165,-56.23109731401016,6.171978700069812,56957648455.0,0.777,2.5660677940256e+32,86.91,76.555,0.226,238.827,232.152,234.464,11.056,3.02,0.057
288.40323756120983,-57.14212982742172,7.102398411049545,56957648455.0,0.749,1.5945411552633e+32,86.827,98.809,0.06,241.826,234.323,237.274,14.14,-4.35,0.0498
288.9641109315517,-58.10409701408291,7.546944707292204,56957648455.0,0.725,3.0705965079391e+31,86.897,106.895,0.244,241.451,236.101,238.809,10.662,4.718,0.0517
289.48037927749345,-59.07154209871553,7.568667029230479,56957648455.0,0.647,9.7262956175102e+32,86.817,85.45,-0.126,239.989,237.662,239.418,7.97,-6.809,0.0531
289.979621540147,-60.013346100043975,7.240380179086034,56957648455.0,0.956,1.3050026366431e+33,86.237,27.27,-0.037,239.548,239.213,239.982,9.084,2.021,0.0508
290.4301573333215,-60.95879526821125,6.584340333585852,56957648455.0,0.855,8.135033150418e+32,85.9,34.27,-0.311,238.785,240.096,239.707,4.557,-2.696,0.0503
290.847369686993,-61.88794913782822,5.698573941018106,56957648455.0,0.668,1.3270810291559e+33,85.092,18.351,0.06,235.666,239.082,237.837,-3.009,-23.879,0.0404
291.29862612899666,-62.72683996325789,4.754790463262422,56957648455.0,0.816,7.9141905801879e+32,84.303,30.079,-0.083,232.334,237.608,235.621,-11.598,-15.05,0.0432
291.8080954678005,-63.4465595673291,3.866797779211734,56957648455.0,0.718,7.6225689852833e+32,83.343,39.88,0.185,230.585,235.717,233.757,-20.715,-18.897,0.0408
292.36224292922117,-64.05842969269946,3.0845231239295363,56957648455.0,0.731,1.2850980924477e+32,82.461,30.494,-0.417,229.439,234.037,232.004,-19.599,-11.673,0.0357
292.9638402367551,-64.55860256630088,2.454401997917108,57320908602.0,0.748,5.2898854903133e+32,81.539,0.0917,0.218,229.937,232.915,231.166,-16.766,-44.058,0.0241
293.56799434055654,-64.9930928775536,1.9468594763003777,59335351234.0,0.687,5.2298348747249e+32,81.096,35.358,-0.145,231.534,231.934,231.198,-9.958,-10.12,0.0367
294.13090964296043,-65.40668112257677,1.523355408437964,59335351234.0,0.692,2.7499841306421e+32,81.061,59.52,-0.025,231.923,231.001,231.112,-11.801,22.888,0.0439
294.66418966666214,-65.7861614932301,1.2101256968485967,59335351234.0,0.661,7.6616451816837e+32,80.798,61.996,-0.09,231.507,230.762,231.097,-14.691,86.48,0.045
295.18721372979326,-66.10906569820173,1.042427430667424,59335351234.0,0.865,2.7768547487878e+32,80.915,82.014,-0.07,229.586,230.447,230.41,-16.997,35.939,0.0499
295.74458846085366,-66.32694650837439,1.0745589352107063,59335351234.0,0.705,9.7666211586974e+32,81.255,100.984,0.247,228.84,230.238,229.971,-14.524,6.102,0.0466
296.33754041207374,-66.43663330742449,1.2904410681032152,59335351234.0,0.643,6.6215635375683e+32,81.6,99.52,-0.025,229.434,230.481,230.012,-12.107,-0.472,0.0448
296.94627537588605,-66.45762255873848,1.6284074615796937,59335351234.0,0.69,6.4241306632662e+31,81.932,110.16,-0.046,231.036,230.703,230.452,-10.492,-9.733,0.045
297.5502542253035,-66.41067883142223,2.0129402161056817,59335351234.0,0.658,1.1234065778741e+32,82.429,106.67,0.059,233.461,231.024,231.6,-11.095,7.028,0.0499
298.12010243415335,-66.32507486966203,2.357412094655205,59335351234.0,0.676,2.4408032621006e+32,82.497,74.749,-0.186,234.163,231.376,232.356,-15.689,13.084,0.0507
298.69152216312466,-66.16255163873178,2.6571058114696346,59335351234.0,0.588,3.2208935979297e+32,82.049,76.111,0.154,233.937,231.729,232.864,-19.494,4.972,0.0473
299.2891855390077,-65.8960699386916,2.8959272094643516,59335351234.0,0.731,7.0910178252645e+32,80.992,118.082,-0.022,235.374,233.03,234.213,-25.517,-9.662,0.045
299.8768899235398,-65.56136920508364,2.9862111442848085,59335351234.0,0.626,1.1539201377298e+33,81.433,125.514,0.298,236.912,234.351,235.44,-22.118,-8.491,0.0464
300.4546076929541,-65.15683345356933,2.891297511165129,59335351234.0,0.72,1.2721747579798e+33,81.138,109.67,-0.191,237.266,235.275,236.069,-20.703,-3.868,0.0454
301.0569128148871,-64.64479361384795,2.6282067090569576,59999898066.0,0.769,2.5144183058708e+32,81.441,127.828,-0.12,237.061,235.94,236.475,-19.202,13.015,0.0509
301.6998082163187,-64.00678323887615,2.1997491960715294,60813224039.0,0.746,1.1471761299639e+33,81.971,112.467,-0.049,237.307,236.288,236.921,-20.014,-4.805,0.0441
302.38666835050475,-63.23800701765326,1.597572750349227,60813224039.0,0.595,5.5318188610903e+32,81.094,78.666,0.127,237.916,236.906,237.445,-26.129,-4.711,0.0433
303.11995549438956,-62.335310309735675,0.8168627071154205,60813224039.0,0.504,8.3550095457093e+32,80.458,80.727,-0.005,238.478,237.675,237.917,-33.147,-12.11,0.0447
303.91130208287393,-61.28689698338781,-0.13134660581812738,60813224039.0,0.607,1.2223696049608e+32,80.109,102.943,-0.087,238.69,237.904,238.179,-28.931,0.71,0.0445
304.7676969612947,-60.08701331023306,-1.2396223450709356,60813224039.0,0.722,7.909165784881e+31,79.802,123.107,-0.021,240.941,238.647,239.487,-25.426,0.4,0.0435
305.6351816809198,-58.79339496846961,-2.5668176090760864,60813224039.0,0.746,3.4156196363872e+32,79.966,110.704,0.009,243.464,239.846,241.141,-24.72,1.556,0.0454
306.4893747023447,-57.4332969162825,-4.119718610198467,60813224039.0,0.763,1.9097341186131e+32,80.396,101.672,0.067,244.127,240.818,242.104,-37.567,5.055,0.0467
307.36523901548605,-55.972334741746515,-5.812047411697573,60813224039.0,0.729,6.9973321214143e+30,80.978,98.981,-0.119,243.925,241.661,242.807,-47.757,13.082,0.0491
308.2780135411438,-54.39625608992589,-7.565084538934829,60813224039.0,0.617,1.6728835392222e+31,81.515,61.227,0.415,244.116,242.546,243.537,-59.695,5.301,0.0478
309.22539068065504,-52.709502607747886,-9.314067352363637,60813224039.0,0.528,9.7259431915988e+32,81.985,82.801,-0.193,245.037,243.549,244.353,-47.952,-2.426,0.0456
310.20093788253826,-50.92137252235443,-10.994504861621827,60813224039.0,0.713,8.7205096885345e+32,82.11,110.788,0.202,246.019,244.679,245.125,-43.624,-4.804,0.0468
311.2106609631399,-49.02897564806754,-12.524908119399262,60813224039.0,0.724,7.711580702847e+32,82.121,92.739,-0.344,246.883,245.289,245.806,-42.854,-4.252,0.0458
312.25900700478115,-47.03194888961994,-13.82909814856836,60813224039.0,0.71,1.8511872689036e+32,82.215,109.421,0.266,249.216,246.149,247.305,-30.977,5.591,0.0481
313.31251631767094,-44.96985680961618,-14.882576295298367,60848950070.0,0.68,6.1555769900168e+32,82.874,126.479,0.191,252.239,247.69,249.39,-22.69,0.703,0.0471
314.34279086255725,-42.87789437707933,-15.660952842936421,60883825480.0,0.782,1.5823492025915e+32,83.956,118.993,-0.067,256.644,250.01,252.434,-17.598,12.396,0.0515
315.2840268556088,-40.829547705397026,-16.18329354397033,60883825480.0,0.789,8.065944960985e+32,84.714,86.587,0.078,263.605,253.518,257.215,-5.699,11.267,0.0535
316.03339915347374,-38.93363533776321,-16.4914959673744,60883825480.0,0.628,6.9360200225569e+32,84.862,80.996,0.063,266.386,256.506,260.517,-9.39,8.326,0.051
316.66266369476494,-37.11565905549915,-16.389665314812497,60883825480.0,0.682,9.3182405479471e+32,85.589,120.157,0.278,265.652,258.954,262.334,-14.776,0.839,0.0519
317.2679681053606,-35.27281948638834,-15.638535042011181,60883825480.0,0.98,7.6683344872836e+32,86.099,109.959,-0.196,265.986,261.784,264.399,-9.332,7.983,0.0578
317.8646289519904,-33.384270949751055,-14.11068491894588,60883825480.0,0.784,9.7532803129248e+32,86.131,107.948,0.068,267.089,264.188,265.981,-8.953,-0.565,0.0507
318.50135517939947,-31.394974252187488,-11.674781451334939,60883825480.0,0.789,7.6593034871369e+32,86.385,123.089,-0.134,269.86,266.677,267.911,-10.82,4.621,0.0543
319.2081753219271,-29.269108963532602,-8.26738048003599,60883825480.0,0.766,7.0312211798571e+32,86.72,93.728,0.328,273.626,269.068,270.394,-11.954,-4.075,0.0555
320.0219320360226,-26.964257191669546,-3.8732727217130836,60883825480.0,0.737,2.7022829699467e+32,86.607,66.411,-0.05,277.387,270.582,273.06,-11.057,5.882,0.0537
321.0090649292895,-24.408643605949113,1.4911783628915976,60883825480.0,0.637,1.3219466056316e+32,86.515,91.195,0.294,284.098,273.836,277.791,-1.813,0.78,0.0547
322.19818581442917,-21.570076554823828,7.696515231971507,60883825480.0,0.647,1.1595962479841e+32,86.717,117.283,0.187,285.328,276.784,280.434,-9.679,17.595,0.0652
323.8433878610397,-18.18938317761189,14.784013146899762,60883825480.0,0.785,4.478825694835e+31,86.817,119.085,-0.05,289.056,280.326,284.239,1.202,2.734,0.0552
325.99584108503103,-14.22533358576064,22.419112436844436,62253982450.0,0.745,9.5314470742182e+32,87.928,132.333,0.544,315.777,297.318,304.177,43.782,13.205,0.0625
328.4208939694627,-9.940767768693762,29.802446929309756,62253982450.0,0.771,1.1387519278269e+33,88.389,89.62,-0.088,320.818,303.348,310.333,41.624,4.408,0.0592
331.23647067069544,-5.250932526546854,36.4371088392461,62253982450.0,0.879,1.0431801440095e+32,89.174,159.407,0.708,356.712,327.68,338.131,101.552,19.695,0.0708
333.6041399569339,-1.0597387576527941,40.67807341028911,62253982450.0,1.147,8.8361043818846e+31,90.54,204.537,1.137,408.648,348.828,368.532,170.177,74.138,0.0989
334.67877557125297,1.7356210290547573,41.09015803623021,62253982450.0,0.927,1.6484291572739e+32,91.271,164.033,0.471,414.57,361.971,381.717,123.476,15.455,0.075
335.22158638994523,3.9135698705228434,38.517087100465126,62253982450.0,0.885,6.8184134595606e+31,91.965,133.084,-0.032,394.833,368.747,384.273,99.652,1.826,0.0721
335.79695460295324,6.066471342907267,33.843388213550305,62253982450.0,0.675,9.9702301313407e+31,92.142,86.653,-0.65,382.805,377.559,387.992,120.299,-33.872,0.0654
336.2394654033301,8.034525045774696,27.182249839420333,62253982450.0,0.671,1.2125072506903e+32,92.126,96.225,-0.255,381.007,386.965,389.153,117.685,-9.824,0.0677
336.4774157736424,9.751162124803347,18.834664437694016,62253982450.0,0.789,3.6767591675451e+32,92.198,110.696,0.268,378.804,392.564,386.144,109.473,-3.687,0.0695
336.51074271148485,11.227693064944226,9.300171445207713,62253982450.0,0.794,3.4124181739814e+32,92.468,122.202,-0.246,371.56,389.938,379.444,98.096,0.939,0.066
336.4475260079245,12.593724789030947,-0.6853810711032621,65848255180.0,0.639,1.2231828603461e+33,94.665,130.201,-0.074,326.009,332.371,328.782,68.341,2.425,0.0566
336.81678709316975,14.410677653808579,-9.877225434519739,65848255180.0,0.613,6.1141977186782e+32,95.632,98.598,0.433,325.832,328.938,328.092,90.041,-5.841,0.0529
337.61013583829134,16.680749875094488,-17.76569483090489,65848255180.0,0.546,7.4818673631271e+32,95.844,79.782,-0.327,324.175,327.705,327.06,95.526,-7.188,0.0513
338.6459745610445,19.21719388513481,-24.20060834273106,65848255180.0,0.54,1.2320746704525e+33,95.733,82.6,0.092,323.647,327.136,326.165,104.231,5.747,0.0583
339.8756864145063,21.96478240354879,-28.99225394109203,65848255180.0,0.626,3.1072358170585e+32,95.955,115.197,-0.251,323.61,327.241,325.098,109.194,7.836,0.0571
341.3056223261974,24.92270587165875,-31.98743866448643,72061768579.0,0.641,3.153357973227e+32,96.206,108.621,-0.289,321.947,325.256,323.44,95.359,3.098,0.0529
343.00971433311435,28.155749225779093,-33.071335088473596,72722780643.0,0.712,7.467922371329e+31,96.674,128.921,-0.268,321.862,323.642,322.717,96.741,-3.445,0.0563
344.95368696577634,31.609644274152398,-32.40557480526298,72722780643.0,0.592,4.1864340162269e+32,98.543,97.621,-0.262,357.85,339.946,347.622,131.687,5.896,0.0616
346.62192488442594,34.73261771182226,-30.819128799842847,72722780643.0,0.84,3.0949327915737e+32,99.318,150.74,0.78,367.436,347.575,356.703,148.075,19.316,0.0707
347.8242315254027,37.31331625808053,-28.74165010544188,72722780643.0,0.744,2.953443278166e+33,99.189,146.016,-0.296,369.098,354.23,361.607,139.173,13.658,0.0645
348.8024369031652,39.59660065948109,-26.006871018369623,72722780643.0,0.831,2.4517889147427e+33,100.201,115.963,-0.529,360.713,361.763,362.698,132.868,-7.62,0.0653
349.78959770549625,41.825493125720136,-22.419784977089094,72722780643.0,0.745,1.2072158395155e+32,101.063,117.923,0.255,359.906,362.334,362.251,128.043,-7.757,0.0595
350.9285505310136,44.14827051689928,-17.932984738363697,72722780643.0,0.706,3.1687829051823e+32,101.841,129.801,0.288,367.708,365.184,365.365,135.071,-0.588,0.0626
352.1081881747217,46.447649582318114,-12.864800955459009,72883273731.0,0.759,1.1243550749828e+33,103.108,190.581,0.201,381.774,369.929,372.493,153.166,1.941,0.0666
353.16281980459513,48.54900030217289,-7.625600800629666,79102380900.0,0.891,3.3327364711964e+32,104.213,198.276,-0.223,390.664,372.452,378.495,150.541,13.492,0.0675
354.2224472051525,50.58309945242128,-2.264473865341452,79102380900.0,0.745,5.8967979432687e+29,105.0,177.696,-0.025,394.593,376.472,384.214,154.868,6.134,0.0665
355.37615016160987,52.63868162305664,3.1215108163030525,79102380900.0,0.881,1.4410911576458e+33,106.84,251.091,-0.014,406.221,385.318,394.49,179.038,6.267,0.0708
356.4604954923001,54.544436575416114,8.135129366965714,79102380900.0,0.661,2.3581271119655e+33,109.529,269.242,0.72,412.862,392.981,402.051,175.646,4.294,0.0704
357.5657485956155,56.38818440706114,12.687815128045811,79102380900.0,1.071,5.1743754884909e+32,112.133,268.653,-0.508,424.146,403.278,411.82,193.944,33.919,0.089
358.60399298161684,58.07676265948976,16.5178172575525,79102380900.0,0.905,2.5009410530593e+33,114.045,190.416,0.232,429.289,411.454,419.005,199.402,10.634,0.0783
359.6484962305467,59.68247269824662,19.585708363761324,79102380900.0,0.929,3.5572462679019e+33,116.543,254.9,-0.554,433.896,417.463,425.082,205.541,8.418,0.0764
360.757460428953,61.26201513942646,21.865961225255997,79102380900.0,0.825,5.1602814756112e+32,118.539,219.558,0.911,437.999,424.256,431.087,211.333,-13.074,0.0774
361.8877245668286,62.765198381844165,23.2255091370379,79102380900.0,0.867,3.0312887951708e+33,120.531,209.696,0.037,448.159,433.029,439.209,228.038,4.271,0.0816
362.87411673300596,64.01609887218625,23.42265814839809,79102380900.0,0.91,1.0928987011513e+33,122.899,213.286,0.165,454.088,438.592,445.082,225.834,1.487,0.0775
363.73332736264837,65.0274298129004,22.493944886822923,79102380900.0,0.963,2.9717430551915e+33,125.094,232.901,-0.349,455.851,444.242,449.211,222.065,2.467,0.0793
364.5044044989741,65.83781809380517,20.572341910589905,81054834555.0,0.887,1.0171489725945e+33,127.16,245.411,0.164,457.482,448.146,452.997,227.797,-0.506,0.0812
365.1214218250894,66.38080419159351,17.728411643900564,93448670796.0,0.807,2.0078581973743e+33,129.717,222.668,-0.419,457.58,455.067,456.889,225.626,-0.909,0.0785
365.67345026329826,66.7520742441918,14.273791407325385,93448670796.0,1.092,1.4759894047106e+32,131.372,249.933,-0.771,447.046,454.493,452.489,208.779,-3.438,0.0784
366.36893150458144,67.16991814063631,10.680666674222303,93448670796.0,1.033,1.9424440873847e+33,132.982,244.393,0.014,440.953,451.965,448.628,208.643,1.209,0.0772
367.17408732488497,67.60010027931065,7.103747861394785,93448670796.0,1.005,1.5959613713218e+33,134.627,258.198,-0.135,439.689,449.728,445.851,208.619,1.146,0.0794
367.9729866796794,67.91845122921947,3.5489843600957482,93448670796.0,1.043,1.2255513976294e+33,136.679,291.35,0.038,447.182,449.585,446.947,218.816,0.153,0.0785
368.50403529103,67.85182874639189,-0.15397488624173766,93448670796.0,0.726,1.8251738876579e+33,139.281,308.912,0.367,452.102,448.889,448.178,220.46,-3.354,0.0746
368.7213725453844,67.35588066927909,-3.866803866627747,93448670796.0,0.729,4.5950205003118e+33,139.654,109.723,-0.053,441.4,444.008,443.062,195.014,-5.584,0.075
368.9858643019887,66.81066427851678,-6.927585556027264,93448670796.0,0.526,1.0493286329624e+34,139.297,85.938,0.168,427.192,438.812,436.376,180.14,-10.171,0.0706
369.44735974467835,66.3790601707963,-8.965246131142829,93448670796.0,0.819,1.3042416415228e+33,139.289,124.794,-0.911,422.549,436.904,432.701,186.176,2.358,0.0764
369.98112215366217,65.93631550927006,-10.031894276255112,93448670796.0,0.783,4.9422496777504e+33,139.444,123.618,0.085,423.463,434.911,429.749,188.229,-3.684,0.0722
370.52048054008947,65.41345490556026,-10.195146881703263,93448670796.0,0.742,1.7317639377377e+33,139.218,107.503,-0.086,426.878,433.215,428.268,192.089,6.229,0.0749
371.0160081152166,64.7595118470799,-9.551212012352199,99178743060.0,0.714,3.6003427831089e+32,139.128,104.33,0.083,426.554,429.116,426.319,187.692,-8.451,0.0699
371.50370268643724,64.01145905750576,-8.138713244121229,103880340815.0,0.584,4.5956772367263e+32,139.357,99.324,-0.31,429.433,425.937,427.105,193.877,-4.333,0.0691
371.9094560348829,63.09436536078257,-6.158864270123867,103880340815.0,0.859,2.6866094820445e+32,139.285,74.207,-0.077,431.609,426.625,428.93,194.447,21.814,0.0913
372.2361486784173,62.013827809565505,-3.742172333535467,103880340815.0,0.661,1.033279728315e+33,139.158,91.521,-0.031,431.092,428.341,429.592,190.547,3.805,0.0726
372.57575743633174,60.86837239816127,-0.9278286902800714,103880340815.0,0.676,3.5402470398278e+33,138.825,93.149,0.259,431.206,429.441,430.461,188.683,6.027,0.0733
372.93159058803354,59.66550546187345,2.1182133377611434,103880340815.0,0.816,1.109481476078e+33,138.824,110.589,-0.224,431.605,430.462,431.161,186.979,-16.13,0.0766
373.3468417092649,58.452000555661655,5.249909166757059,103880340815.0,0.856,2.2422984031837e+33,138.964,114.298,0.029,430.965,430.582,431.003,186.128,4.731,0.076
373.86076971430464,57.26680154927961,8.281849855419619,103880340815.0,0.998,1.874546423406e+33,139.183,118.683,-0.127,439.289,433.801,435.344,204.317,19.057,0.0872
374.22937942807016,55.85569466051121,10.682114285083447,103880340815.0,0.747,2.1148063669465e+33,139.774,114.43,0.306,448.378,437.028,440.606,210.27,6.624,0.0816
374.33528990948736,54.09610006571529,12.112337688296913,103880340815.0,0.795,1.4832524641124e+33,139.682,74.476,0.02,451.229,439.409,443.826,204.098,-0.499,0.0756
374.25560740677724,52.07047570107839,12.553667288533925,103880340815.0,0.636,1.0472240007477e+32,139.397,85.17,0.114,447.982,441.572,445.076,197.77,-11.628,0.0771
374.04803722021643,49.84472869309953,12.04284017613925,103880340815.0,0.838,9.3827089007985e+32,139.577,108.896,-0.205,446.708,443.765,446.476,199.77,2.948,0.084
373.62200854152024,47.33464072103298,10.509920532158796,103880340815.0,0.811,4.6797343448583e+32,139.566,108.444,0.086,445.895,445.665,446.92,194.253,5.024,0.0794
372.9487161524721,44.5234890602959,8.042917809308712,110281664455.0,0.919,3.6399733939002e+31,139.509,121.374,-0.509,437.298,445.477,442.632,174.025,1.346,0.0781
372.1711194719402,41.57519400378657,5.0133131775694535,113354299801.0,0.949,3.9920098463485e+33,139.527,120.637,-0.215,432.269,442.963,438.85,170.481,-10.99,0.0748
371.21813529786573,38.43999788434905,1.6141536003799888,113354299801.0,1.16,5.7447771637036e+33,139.855,116.102,-0.411,416.855,435.695,429.102,134.838,-0.884,0.0787
370.42718330834293,35.49088019692758,-1.44161898417938,113354299801.0,0.971,4.6635210395581e+32,139.799,75.922,-0.054,392.044,424.468,413.01,104.597,-13.558,0.0675
370.20027221644386,33.162738370587704,-3.4225744469643864,113354299801.0,0.954,7.5929082921727e+32,139.33,77.99,-0.033,383.321,415.901,403.001,120.66,-8.483,0.0685
370.32246356050325,31.24652021145273,-4.4653408295010895,113354299801.0,0.905,1.0357566390732e+34,139.124,91.385,-0.05,381.532,406.733,394.776,115.786,-10.126,0.0707
370.7140489350526,29.661282671340544,-4.685191900184262,113354299801.0,1.18,7.6371377196932e+33,139.266,120.745,-0.205,383.475,397.867,388.961,115.361,20.637,0.0815
371.3406451595978,28.3671533573029,-4.235149577263512,113354299801.0,1.209,5.0802412767048e+33,139.072,105.614,-0.064,388.127,392.784,387.729,121.03,27.685,0.0874
371.98387728160236,27.131211743990335,-3.5537016560346686,113354299801.0,1.45,1.2526881142164e+33,139.388,122.14,0.196,401.979,390.474,393.076,137.565,32.442,0.0937
372.3474405534107,25.643826237644856,-3.1588091768878406,113354299801.0,1.017,2.883400132876e+33,140.005,122.007,0.424,400.331,388.987,393.849,113.834,2.166,0.0833
372.6959651077461,24.17678058389299,-2.8505265348621247,113354299801.0,0.856,7.9316960725634e+33,140.33,120.367,-0.022,394.609,391.481,393.798,99.278,-9.757,0.0789
373.1304228659034,22.836893022482943,-2.588795792348479,113354299801.0,0.932,1.2692267532846e+33,140.844,163.556,-0.093,393.347,393.179,395.007,111.908,-15.55,0.0791
373.5189384219261,21.48998257970343,-2.6119772929743146,113354299801.0,1.123,4.9173508130561e+32,140.756,111.21,-0.346,395.028,395.072,395.775,104.247,-1.405,0.0821
373.837792291486,20.112798500994714,-3.00934115232922,116485100200.0,1.163,8.3039914940325e+32,141.231,157.879,-0.102,394.703,396.452,395.291,91.88,1.707,0.0802
374.10024127854496,18.722092558883418,-3.783352957454767,120033340651.0,1.253,1.2088604449799e+33,141.712,153.774,-0.127,394.215,396.64,394.742,84.694,6.649,0.0844
374.2833894614637,17.300266068681083,-4.929508810390177,120033340651.0,1.284,2.683238094579e+32,141.468,110.332,-0.037,388.862,392.307,391.543,59.081,-1.361,0.081
374.51529255680947,15.98633605159373,-6.225004850184173,120033340651.0,1.101,1.013756701245e+33,141.809,120.316,-0.049,381.651,389.796,387.463,54.047,-1.819,0.0788
374.89341836929856,14.887139841163183,-7.471814763286862,120033340651.0,0.828,3.3499336420477e+33,142.092,141.865,0.042,378.431,388.292,384.578,61.897,-10.222,0.0758
375.3570327897708,13.944305258242364,-8.67212860012221,120033340651.0,0.759,1.3338136982269e+33,142.227,132.166,0.045,377.612,385.636,381.936,41.986,-8.337,0.0742
375.887175539291,13.140275487105892,-9.788152129040613,120033340651.0,1.373,8.1074135260742e+31,142.182,155.405,-0.204,375.569,382.348,378.836,-10.908,19.361,0.094
376.5235791421382,12.516623985923628,-10.717070362775916,120033340651.0,1.287,1.298638835217e+33,141.182,114.539,0.022,374.51,379.656,376.821,-74.999,19.944,0.0909
377.24916363681774,12.055196765535333,-11.43362581807877,120033340651.0,0.991,1.0785662357347e+33,140.449,98.022,-0.016,373.065,376.504,374.955,-29.373,17.413,0.0871
378.07200557469963,11.761037195699345,-11.903258054696437,120033340651.0,0.901,2.9043972431592e+33,140.604,147.05,-0.002,375.62,375.719,375.417,6.156,-23.461,0.072
378.8773949616916,11.511479056387245,-12.249575771243377,120033340651.0,0.908,1.0796847905788e+33,141.18,138.438,0.027,382.079,377.415,378.452,4.235,-18.475,0.0741
379.53196917486025,11.166511237221691,-12.599453935538873,120033340651.0,0.798,1.0570064929724e+33,141.762,148.611,0.106,380.986,377.276,378.418,-4.918,-22.264,0.0677
380.17750829809415,10.871623225259794,-12.721970666595332,140421880266.0,0.878,1.3204936440669e+34,142.075,138.86,-0.161,379.187,377.254,378.491,2.634,-3.662,0.0693
380.8427822142886,10.6586524146335,-12.502052546747246,144116447847.0,1.127,6.9206804070451e+33,142.736,181.746,-0.591,377.211,377.784,378.415,11.186,-4.542,0.0707
381.55340042471244,10.555635769305313,-11.840243072112774,144116447847.0,0.941,4.3185148604654e+33,143.649,205.305,-0.273,375.87,377.826,377.615,58.816,-0.075,0.0677
382.3617079751429,10.616813632333225,-10.629787742526858,144116447847.0,1.089,1.7649650405999997e+33,144.455,206.339,-0.026,377.531,378.897,378.081,51.994,4.94,0.0728
383.2326491578704,10.80530685942018,-8.899376228695894,144116447847.0,0.914,2.3533614735137e+33,144.704,149.286,0.296,379.491,379.275,378.605,47.312,8.008,0.0764
384.1843270100924,11.137238323832698,-6.649676348806747,144116447847.0,0.906,1.3486647012823e+32,145.184,140.145,-0.151,381.757,378.574,379.525,49.507,9.146,0.0739
385.24184358762494,11.634237625186604,-3.9100089527090907,144116447847.0,0.888,4.7459453164454e+33,145.583,143.206,0.11,386.063,380.366,382.337,61.718,1.384,0.0738
386.35526157204197,12.238631691894891,-0.8388360492062991,144116447847.0,0.841,4.2619421405749e+33,145.849,154.082,-0.045,393.769,383.571,387.247,77.872,-0.987,0.0756
387.4342577959109,12.850360451846026,2.3337919657219013,144116447847.0,1.097,5.6989759378386e+32,146.76,196.379,0.089,400.615,387.524,392.509,70.119,4.755,0.0774
388.48265508864966,13.466925061322463,5.4885029331991335,144116447847.0,1.209,1.5815554353291e+33,147.735,200.731,-0.054,403.939,391.841,396.827,71.138,7.319,0.0792
389.5628845853534,14.146341761174527,8.575792774963345,144116447847.0,1.12,2.4376165540962e+33,148.529,176.735,0.189,409.761,396.854,402.563,83.951,5.893,0.0801
390.60098884556214,14.806321765848676,11.383606896245652,144116447847.0,1.016,5.863069573873e+33,149.397,176.76,0.126,416.099,402.532,408.535,100.855,10.717,0.0857
391.5721579656951,15.415016035282761,13.767079498356793,152801885496.0,1.252,7.434058141815e+33,150.579,186.092,-0.008,419.729,407.925,413.077,95.889,12.336,0.0889
392.523891397658,16.015009067771423,15.683911063847974,163491654909.0,1.091,6.9765539580314e+30,151.908,202.225,-0.24,425.399,413.676,418.617,105.959,3.013,0.0825
393.36040768316036,16.50199004271641,16.942697357966704,163491654909.0,1.245,1.7718222579274e+33,153.066,219.441,-0.211,432.761,419.185,424.839,115.7,-0.063,0.0856
393.9794241180495,16.767115940923258,17.387217053836466,163491654909.0,1.423,4.0501697441811e+33,154.132,204.59,0.059,436.402,423.82,429.309,116.457,-5.238,0.0843
394.43385519235613,16.86588695956044,17.11443812030559,163491654909.0,1.403,1.001079836441e+33,154.718,181.651,-0.035,432.54,427.065,430.233,105.151,2.446,0.0845
394.8998645240866,16.98404608592038,16.420771844454332,163491654909.0,1.536,1.0790665340292e+33,154.951,168.434,-0.072,425.944,427.98,428.764,78.706,0.626,0.0862
395.48886030780204,17.239911430219312,15.529733128422116,163491654909.0,1.171,1.0261382637056e+33,155.143,165.218,0.149,423.299,428.346,427.594,67.323,6.654,0.0899
396.18228649991175,17.614344134533038,14.479594669435388,163491654909.0,1.197,8.014496170116e+33,156.234,173.562,-0.13,423.429,428.854,426.573,69.418,4.491,0.0883
396.9358783295677,18.057354746613512,13.240489488609644,163491654909.0,1.007,5.2598142485064e+33,156.343,107.454,0.252,428.099,429.165,427.424,71.777,2.899,0.0887
397.63638586893217,18.44651687730216,11.686984988393306,163491654909.0,1.311,4.3992894821971e+33,157.519,256.579,-0.292,429.359,427.816,427.414,52.856,-8.954,0.0818
398.28153953492665,18.77263203734383,9.824964663565982,163491654909.0,1.636,2.1426286894474e+33,159.562,329.906,0.116,433.468,427.773,429.651,69.576,3.097,0.091
398.75367840972933,18.91001247279721,7.547532339523224,163491654909.0,1.676,2.954188559844e+33,161.089,284.384,-0.012,434.448,428.797,431.377,79.021,6.325,0.0943
399.03261424551755,18.83591527518884,4.899693719046089,163491654909.0,2.295,3.8169591780412e+33,162.966,284.898,0.21,433.474,430.28,432.072,69.65,79.974,0.147
399.15511152872347,18.590911083225098,2.0444043805428507,163491654909.0,1.636,3.6949219819005e+33,163.958,207.207,-0.051,426.966,429.998,429.833,61.346,17.178,0.107
399.2235221388733,18.285798466546318,-0.7492178110358175,163328285517.0,1.314,1.4564377983326e+33,164.579,185.649,-0.112,422.149,429.326,427.222,44.769,10.682,0.104
399.27003703840154,17.961415921459466,-3.285603357011197,158427203767.0,1.629,2.070526117639e+33,167.126,419.867,-0.187,412.067,425.288,420.888,10.293,-27.49,0.107
399.4795057552836,17.81347332086633,-5.220117567634173,158427203767.0,1.047,1.9553133824377e+33,166.325,126.118,0.055,406.799,421.758,415.671,10.485,-8.221,0.0979
399.8361110213619,17.827825504068066,-6.506661198419066,158427203767.0,1.299,1.7662572669798e+33,165.879,137.622,-0.183,407.03,417.904,412.678,14.454,-6.196,0.0979
400.22389510153454,17.882838764114013,-7.287059404888694,158427203767.0,1.154,3.5892426014079e+33,164.581,134.193,0.302,410.332,414.76,411.369,-4.908,-13.261,0.0926
400.5821270304508,17.912234925358508,-7.674968985762858,158427203767.0,1.286,1.1265427339663e+34,162.984,125.536,0.021,411.824,411.955,410.665,-3.621,20.933,0.118
400.9142269555382,17.915983623060804,-7.72454983745801,158427203767.0,1.05,1.2516533720301e+34,161.246,112.258,0.134,412.993,410.88,411.126,-18.256,-7.902,0.0901
401.1826367200315,17.85255268441866,-7.5476234807174905,158427203767.0,0.985,4.8048531769634e+32,160.412,115.3,-0.215,416.38,410.883,413.301,-12.441,-5.019,0.088
401.316353700723,17.64787303030421,-7.288413816143854,158427203767.0,0.947,2.1943667755733e+33,158.762,106.473,-0.061,415.499,412.22,413.916,-22.414,-28.458,0.0847
401.4026089789408,17.392254536767716,-6.888846099833713,158427203767.0,1.066,7.5445461896235e+33,157.428,99.511,0.002,414.094,413.412,414.052,-28.721,9.532,0.0987
401.47085254156747,17.117828830697324,-6.35072309596011,158427203767.0,1.07,1.7205111626942e+33,156.465,122.993,0.101,413.492,414.018,414.206,-42.716,1.059,0.0889
401.50076936905975,16.805053153230883,-5.738690934470489,158427203767.0,1.055,4.9260290948331e+33,155.481,124.686,0.085,414.692,414.462,414.646,-40.743,4.063,0.0882
401.4725440658538,16.434912563381918,-5.113532975240259,158427203767.0,1.248,4.5482743974151e+33,155.103,198.875,-0.044,415.319,414.962,414.891,-39.665,-4.669,0.0941
401.38277654394705,16.005892786169536,-4.505799307094739,158427203767.0,1.298,3.2632586293171e+33,154.074,152.866,-0.113,416.895,415.596,415.709,-41.15,4.683,0.0931
401.2026549435165,15.492224738666874,-3.955184284669123,162377880111.0,1.247,3.8199830429897e+33,153.803,127.145,-0.131,415.19,414.667,415.08,-49.511,-2.38,0.0861
401.01618533459373,14.985589711693214,-3.3485273441627927,165496835118.0,1.001,1.9171664916078e+32,152.477,103.256,0.0,411.164,413.836,413.296,-46.11,-16.127,0.0789
400.91427450383264,14.584629676452797,-2.564332295374163,165496835118.0,0.917,5.3129276069915e+32,150.839,102.527,-0.022,409.825,413.48,412.404,-27.197,-16.428,0.0778
400.8742868040988,14.269468050821052,-1.6353868992393192,165496835118.0,1.171,5.8408925876037e+32,149.452,119.573,0.04,409.555,412.869,411.472,-29.296,-1.52,0.0848
400.8949008156764,14.039381471689076,-0.5953062863473291,165496835118.0,1.14,7.6895391101676e+32,147.759,105.838,0.047,412.606,412.799,412.077,-25.57,9.377,0.0863
400.90478961213137,13.82074900884639,0.4277568067669666,165496835118.0,1.02,1.2215914436202e+33,145.761,111.536,0.01,415.217,413.021,413.124,-37.12,10.147,0.0857
400.88231239419343,13.591066232931396,1.3664675816889078,165496835118.0,1.038,3.6752664200267e+32,143.718,125.047,-0.032,416.122,412.676,413.825,-38.69,-0.55,0.0843
400.8582107108175,13.382582456728379,2.227016728795663,165496835118.0,0.889,2.4464171227484e+32,143.768,114.183,-0.033,415.786,413.002,414.496,-13.063,-8.627,0.0789
400.8534380670302,13.217603774021335,3.008955070628847,165496835118.0,0.929,2.2127842249916e+32,143.907,98.45,0.002,415.882,414.248,415.308,-1.015,9.561,0.0939
400.86075857155515,13.088658974415749,3.6762821400166166,165496835118.0,0.893,2.0803002706617e+32,143.624,99.331,-0.041,417.695,415.557,416.605,-4.675,-1.326,0.0832
400.82857945727204,12.942235169124942,4.142438892248269,165496835118.0,1.075,1.5392491038823e+32,143.605,121.983,0.234,420.916,417.515,418.58,-1.639,26.442,0.0998
400.70407265660833,12.725025884646145,4.339567350957745,165496835118.0,1.452,5.4713098488283e+33,143.804,125.342,-0.094,420.031,417.894,418.688,-11.043,30.448,0.122
400.5744511881228,12.529532767844668,4.391567655425907,165496835118.0,1.231,4.892161514508e+33,144.017,123.555,0.004,416.317,417.303,417.427,-12.565,13.062,0.094
400.5222834053856,12.443877430298283,4.424758343525723,165496835118.0,1.455,1.3658280210866e+34,144.297,124.453,-0.311,414.767,417.183,416.847,-17.276,-7.776,0.092
